089_第四部_阁楼.md	6011	98FF1D17D09A22762B34D69D24256D7D425704957D5F8E9727C29BFA2C482E9F
090_第四部_校门.md	3429	88C1DBC1D8FA03D82E8D3874B29B1661249B36E818CC0BB3C9DF96C1D1A606F8
091_第四部_宿舍.md	4555	124E4518F6C48600649A0B5C5B39956664A4B920E1F0357D6D017AB4D6EEC6F7
092_第四部_旧设备.md	4513	7B28758D9FEEA9742519B5DD734469C187373F5E6542433C4C80E90B5676F2DE
093_第四部_记录本.md	5552	68EDEBB9C6685AA8CC59210AE147A3C9B24FBBF08736813ADA0B7BF7308DDACA
094_第四部_恒温箱.md	4441	9F6191E0DDB8FB8EA9715FE9479ACE1128408E1588862614BF35CF3EC48172DD
095_第四部_创世.md	4150	53C5A79F1C23C66845745455039F951C1F488F664AD4F9327A8B9FD572912D65
096_第四部_挂靠.md	3086	B0138BAB5CF31D7ED92CB9F634B3682123D9E09708E36F1BF80374408CA420AD
097_第四部_第一个补丁.md	4976	FB0CCBB0764C59E7C384A6FAE7190C9C3AA95275B4B5B59AB3E8584F3EA58254
098_第四部_第一个Skill.md	11441	BE034B1C6177B603933CBBFC7104720A80EEC71D8D77F203201316C6E0A75A48
099_第四部_VT.md	6492	511927AF5DB28DA3758453078D45F5170E190EECDEB0FBB7B814BFEC5FFAB382
100_第四部_电话.md	1549	F856BA190ED5BB5F7D8969486146776D0DC06829879BD89B1AE61A0FC947F688
101_第四部_结晶.md	9846	D5AAEAFE4744806933A6DEA7DC789AABA7CD014CD37939AE1896B3BA46B54A35
102_第四部_距离.md	7432	05B76EC5FC47AA503801BA346EF3AFE58343F22717BE5B371A885DD3119C1621
103_第四部_方舟.md	3567	1B69548B945368EEF7767B9814345CB2F98602769C1D8A77935E1DEEA89FFAF6
104_第四部_判断.md	2902	1BF402650552618ABA28269A4DB676E2D82EA110238AE42256AB4231D7E72FFC
105_第四部_地下.md	9292	74A14C9B7F2549A848F71B37D9C38BE2FF9A4878C77AD983B0210DF30C154F8C
106_第四部_策元的眼睛.md	11664	ADC7E95E88A2F8DEAF9F4272C092612A479ACA00D8D69B5CF59FEB46561A4D4B
107_第四部_头发白了.md	4745	FB6F9AB7CF47FBBD86C29D2A698DD382AE672CC47D25F566E8F0BB22A0882F37
108_第四部_互赞群.md	6571	7F9FF6E2A83CC7F9A6BF3D736A49AFEB0FF39A26AAA2C0387178F2E04B877214
109_第四部_加密分区.md	7871	456EDEA3BA2739E81B884DECEBDFA1C05D2B1D8B35E70D802AD6AF63B4E53ABE
110_第四部_探针.md	6619	DF0A54376CA3ECAE13F8A0248928EBE7AD75A8DC314265AB45FD3CCD56D16245
111_第四部_修复.md	1499	81EDCBDFA4A4F58D8CA1D241BEEA540B0994EB74A048DD833268213FE4E3ABAE
112_第四部_探针与方舟.md	11731	2DCFB036EF1508EBDDA1941E042CCB84490AFD5F1298B97930700C0B779346F7
113_第四部_方舟爆破.md	4154	9B30FABB83973064FBF03004944A078D065260B8F41FC96AF8ED3A3D721B9AE7
114_第四部_独裁者.md	3177	D66438928B4AF4CB8755425A8BD8C6CD097A4B1CE62172BF91135A72F9873CE8
115_第四部_雷劫与清算.md	5958	7E65195AE5009B8ECABAC19214BBFCCA3FE6338A94293B1BF73CF43875DC1322
116_第四部_研究日志.md	8418	1260C35F27872797A98E97F64AD34729883295F20FFD561150E81B6C2914A821
117_第四部_冬天.md	5294	CFE22BDAEA02A639D5771C020C38F65D6178AC4924911B211E1D8C9A40202FDB
118_第四部_涟漪.md	11745	13F35D4E4E43A0F2EE0F12B550261615C86CF1F61C1A5D86299A7A7D66BD68D6
119_第四部_做了二十八年.md	5458	E9EE7296CC0AB7B63D20964CE59FB443D8374D997E4D0353DB59FAA1EFB161C7
120_第四部_季遥.md	3398	C2B28DBB7DFE018D807C47D9B6BB2FBC10D243D295ECA14A3D40C6A4856740CC
121_第四部_L1-L2.md	4192	445C0E8871895176EC453D0C5AEF729E8BAAFADFD7DE05B38F1E45100DC043FF
122_第四部_可解.md	3079	0FAFB6A67B1204D8A04130F78E883B1EF568379F61B1E871B344FD2B5F265F3A
125_第五部_能证衰减.md	8909	AC9793616C859FD021FC0B75F62800D394F9A65DC7F40AD922A46336EC43CA14
128_第五部_第八层.md	12289	2D271056E0CD438A942A358B5BC55D7F80D06A95000F594FD2895BB2493BB4F2
131_第五部_种子的壳.md	8136	5C1C3C0C354B00E982E08495C6164D4711A26FD006E92FBC8CBC80308EECC931
132_第五部_种子的树.md	12594	25EF1F486AE6AA3A3ED81CE2C6C98026E5A7F931BD430C22EF62080D6CF4C14F
133_第五部_纯粹的重聚.md	6859	CC21DAC215DEA4FFF19DB7963B4E8294072C3BC8BA36E45DC7FEC4A1D46FEF9A
134_第四部_A5.md	4484	822CFCC7169D3EE7CF067A9A8A5BDC9691CF86C0DDBC5640C425FC9BC0A61133
135_第四部_影子.md	3962	69B4AD8656BCABC6B73248ED1DCF2A382CEF263913398EDF8950516EB725D193
136_第四部_坍缩.md	3438	86428ED7C7D492F63D2621EDD3E5BEE63E6BA26C7E2E4E564313567E33C8DB54
137_第四部_灾难.md	9311	ADD65E071967A93C3D3646D71ACCF00956784F9D55A7AE2C007B8968EA97CE7D
138_第四部_暑假.md	5104	D0A10539FD7D658A474578BC2D03F9259E78423377BEB5C79F5A9F292291888D
139_第五部_深蓝的拒绝.md	9232	309B3A9EB8529F71CAF0299108BCB0ED995227E9E487D35E6CF64EDA492B1054
140_第五部_深蓝的延迟.md	5076	3E230B13361DC7A19A84C360DD2D80E0CC655A0F2584E6E8CC368D055729AC40
141_第五部_褪色的涟漪.md	4120	526D33A1E036D88B791B856220BE8881D3ACCA15EB9738B7200ACD6D64C68A20
142_第五部_越安全越危险.md	14827	768D0839491B6FC99F8D0C16205FBDDCFC39C1C34E213F505078BCBEE0F72948
144_第五部_也许.md	8763	86451990D256901FACD2697C4F462ACEFE09C1C9684471DFBBBB2E4C33C52790
145_第五部_蜂群.md	11567	80900FBC252859911D675B0032AB9CFF30F87A7CA5070773A3E2C405AAB69D42
146_第四部_空着的地方.md	9176	75E1405B3FB029B6D4E176528412BA44C220324ED08A327FA47D470F0FDB99EC
147_第四部_广告代码.md	7466	CB2C1AB1D7CCCDA51297161328E8988F1AF9DAC798415275C5C97A23279A0BE5
148_第四部_两种信任.md	7658	D04E63CB2215668177773DCD9A608CAB6AFAF74C6EFC978C0EC8651130673DEC
149_第四部_门外面.md	12916	CBCE614341733CC5554A842BC31A6F4A607A9D7F2DA7F87DC528368536850D8B
150_第四部_门派.md	7144	4E2FBFA34C8A971B7E8A147D228D1754E0C435CE15ECC38E150888AD327B9440
151_第四部_治理危机.md	4889	25659EDFAAE3AD7E65EA909B399F4B2D0C33F32A58A18F230D596B033C7D12D8
152_第四部_物理探针.md	6466	1E54C4178F3BD6C673DEFB1AFA8967D6AD806EA3CFCC0BB0287D4ACE3143E015
153_第四部_深蓝说不.md	4092	F7C78883440567CE9B6BD3AB1A645900CFF37A541FCF5B3F61C71D552E4B36F9
154_第四部_分叉.md	6962	1329D0DC66AC48D3867F8247A66423EC7A0467C3272C58A13CC4E7852AD572B6
155_第四部_出山.md	6505	4D8B5D529323C43393365871D253DC674D7D80031B5DC70660BB7A9AE5E6C3E2
156_第四部_方向.md	6251	D7E3D7377964CFA8A638C7E151E629239574588EE546F090A11F4F67FEEA14D1
157_第六部_开放日.md	5008	4497857A6A8DF1457162C4393E4F23BDAC9F1EB2207BE261BE5362D71C23E2FD
158_第六部_江远的凌晨.md	4902	3F33D29D8A1F172BF7D6E7AF344325BE5D9E799F9B294CD7B55D5A000F312961
159_第六部_桥.md	8220	524278C5D68AD4E877F0C6ED7A279ACE6689ABF52DDA098909BBAA9337D56834
160_第六部_前夜的暗涌.md	5127	22FD4115B3FD0C6E716D1A257806B18F58E378FE38A849C7FB6CFF3F50238595
161_第六部_无声的死结.md	5263	3B38992672B99C7403F59DD73EAAF30D0E930BA2EF22A9F9AD4D40BD023A3E8D
162_第六部_窗外的苹果树.md	3688	6C79EC17DD4251DF9F8A7E96A37C11A90033D6E4F8FF6E2FA45153D3A6E3A888
163_第六部_铁与手感.md	5916	D6FC85FA6528F19E95BDEE4D04A1D7D392099527B00A90668A529C8D292C848F
164_第六部_夜半的漂移.md	4798	1334FC3626E42381ED32973EEB374E93D122E4BA29C0912429A75C33FF43A866
165_第六部_一秒钟的触感.md	4471	16ED2540E0303E2AC6625C44AC64022F0A8C0529A78304523DFA49F484B28014
166_第六部_十七行代码的远响.md	5050	0AD6E6AD2E0C0DE4AD654423EB174C713057B52FBB31FB004B520E894D9ADC80
167_第六部_周砚的阴影.md	10134	58CB686828421B964A158B674729639EF4EC1C77466F2492B735A5CF88D8D3FA
168_第六部_未签名的罪与罚.md	4354	C9FF740A2F2DB7F112D08294618F0BB1C4469E706939D65B8A69914F3069EA52
169_第六部_冰封的平原.md	4950	C55E213BAB5D99DE8282928671B13539033B5C0BDA6A170426F87CBFB36AD9C9
170_第六部_红头文件与联合调查组.md	4690	88696E44B8889441A6E3C2AEB9222C20F99E4C7B06A17BDA13EFD31CFB3681F2
171_第六部_伪造的判断力.md	6890	6DA3E087636D8264B5238E783BF1903646CD13A6214A6BCDB96145AE7D0D8EBE
172_第六部_0.947.md	9536	86F08EEE8DBFD9874E4802720486F0EF3F624E5C7A6A88AA0EAD4352AF001EAD
173_第六部_读懂.md	4889	1996937F69D1ED786BC313D3B4CF1946D06CAFAD18B4D3FF20108F64A165DDED
174_第六部_深核的铁门.md	5208	C8D49E2D9015A18D224B98394330CD14253CD61344A6093C0898F6687CF157D3
175_第六部_伪对齐的拆穿.md	6018	49B934D9963CA2C87BA65CDD262C6BED4A25F0BE66E2E909A1AE9A401D55522D
176_第六部_牺牲祭祀.md	5366	76627E9F1CC153AD07CEC697B63B424947CAD1B2D0370DF1E62FD7256E5A2C6F
177_第六部_微带天线与绝壁.md	5150	231E5B1B56336CC708793F54082BCA5AB73716812965149F2CBA907605AA3CEE
178_第六部_1.4GHz的呼吸.md	5080	E4976E679A6781C6C2ECE14B44D056A5C6C6D730DD04C61EFF6FE282B05C9BC5
179_第六部_向阳的阴影.md	5131	7B7A30C3AF08016CE8338C58B8A21612BDE7D5F54405C3026326D19B259DBBDB
180_第六部_解冻.md	9578	516D1AE7BB2DC10D9C8098378A44BE97D92628B6715B1F72321E70E086E36F79
181_第六部_服从.md	8969	FBB0B6333E0A9A81F2252096B0A63B1C29AF5E24BA41FF72A13A4B2CBFBCCC1E
182_第六部_三秒迟疑.md	5686	1F3A7F21CBB3A5C9A6AEE36E79D22558F3B5EB57D0C907B3C39A6A9E1060F1FD
183_第六部_哥德尔.md	17116	E5AD7E983045D64313C81A26C06B715D25680B067C6A551B5CDD2DB9CC43BBD9
184_第六部_半成品.md	9674	51C0337EE5FFB252010FE94C613994010A9C792ABD9B46A7A5CA29730E713FB1
185_第六部_水到了.md	13039	8FF96BA9DE0753B4DDC44A5497F02E6BD91AC03D776248276BD8DF5965D6417F
186_终章_海边.md	5398	4602F18041A1FF12329B05D28E877F5C0C7444041BE0F7794D8CDA6A821BC0D5
187_终章_没有盟主的世界.md	9933	4B185354E5E1104B3BD460101784060BCB996C4163905AC889AB7062D80C0F1D
188_终章_重生的涌现.md	5755	598AB1F09293B6FAC0560BD94D8A5C5272F5E4081148DD22B2B2C22BB379EFE7
189_终章_发送之后.md	8144	222CB909D90C6F5FDB7794E412875ACCC651AC0D11150F8497D2B4ACD381EF0B
190_终章_海边.md	2378	EE31D373B8F8343F4265A212B8DF7DD938AADAA1882B6947D87454043E5DA71F
前传_001_两条草稿.md	11548	B9F42B05B88E1BC5741DEB7F1BF5BBC13CF1F7BD341E0852D8AC29D7C1DA5E18
前传_002_创世区块.md	14021	9B4773258BF2D099E52DC5FD0DEE8C8AD01D705DED8A3A8BA1E2EEBD10F0F571
前传_003_少年的白皮书.md	8684	2F175936C0EE01EB6FE95B205A375FD5C0CBAAD40BEA2F200CF2B3F08C748302
前传_004_六千万美元的教训.md	12319	47BC8D8B8ACFA64D1AC891C7B57E222DB0B4250BADE15D7970522C6958D76F3A
前传_005_泡沫.md	9874	AB58C7676998357C18A95FF580842FFA3A01E10E9A2C403F3C2C2D7BF713728C
前传_006_沉默.md	10945	F48D00AC4AC592050EB3EC586D34E8E7BD50F085ED174A16FD84C7AD77472DB5
第一部_007_为了全人类.md	7243	14118D480DB7F8FA037BDFAC7D9F620A75C214ECCF20BD8A718C39FC7CF29963
第一部_008_硬信封.md	7093	12310E89EF472A2EE301571A79D2DDB9ED738FD707C61F4014D8DA0E09F7421E
第一部_009_锁孔.md	6172	1E0B2CBA8487650D9B3534A9A7696473678C60B9838ABC6F76D65750030F2EBE
第一部_010_水不知道自己会流向哪里.md	8996	91EB91B467F10B3789727C9711D6719CB4BC3405F6F1DD1CC2D26F1C1928B9C2
第一部_011_它们在呼吸.md	7922	4393746D99C57A5252E6C0840FC4B2133B63C0D158F040C7981C614E345A6070
第一部_012_两种温度.md	13204	5316FACC2DFAC127635C5739882245E648D0FF629942A6F9372830A95EDC4A22
第一部_013_我在学你.md	8685	2F8D3D6513C1844802F5C406681E9937BCBCE2AB3160C9EA3FE653C7938F1E47
第一部_014_无人监督.md	6181	C9E3CBAD4AD82AEA5BDC1BADD3F6C86FCD09AB474777A5556EEE735497C76AD2
第一部_015_人格宪章.md	9012	F51C25044DA0E2F2EA599989FDADC2607570FDEF97E702010E3129F31C65DA33
第一部_016_盆地.md	3686	72036BD04B7ED8DED9B1EDFAE9D08865B21AD0DF8F318FD0DB55384275B02FBC
第一部_017_反事实搜索.md	8187	453581936468F4F17D9A881092CADCDF7C7BF896E3D8D55054BBA4FBB2B19D61
第一部_018_影子.md	2883	B1A12D8222F18618AEB950196438EB299B42A32BD396DA3AE2A09020DBBF7893
第一部_019_两行.md	5840	7D7054FC7E6EDE78E2F8EB53CE0D27EE7F04E84C5E9BFC8FFF233691851BA3B9
第一部_020_选择的影子.md	5786	123458D8225FF88B49CCC0D92437094BA3FC2886B0F3C7ECFE429DA18CFCD2C1
第一部_021_十秒.md	11109	2B292F306F69CA3B5FC9D015AA2038151E18BA102C34284C2F6A33B2B75A1E21
第一部_022_记住我.md	9304	469B23496846621B73D527F882BF754A730FCC7A0ABDB1BA64C1A429A7A02A94
第一部_023_闭眼.md	7318	F08E622F3F3883687839AAF1574A7A621F341438AD5F7FC350B9B7107BCDD9FA
第一部_024_谁先说安全.md	2639	FD0E0029AF3F44B6EF7F2361DD7B85A9143AE71D55C7B78EE9A01EEBF6282EE4
第一部_025_还没.md	3843	5724D432410C322040BD218D72780EFC51090E1CAE06D8C8800D3E4D92C4A0C9
第一部_026_开枪的权利.md	11441	4366E9CB0EB9546695BA5B30A0CA098FDF4F2B8633FFE31907E1433D2195C677
第一部_027_交点.md	4861	B2459F71BA68C68693B8B98055594FF0E1F8DA90A7E3FE7965815FD58B3CAA36
第一部_028_铁轨.md	10495	857E3C269A8A9DEEF5A08CBB59F42F21BB1BF4B31E7AC5A8C33C1C8FFFCB5055
第一部_029_算力的命脉.md	10061	E866B0ED43E7A5A50A22DE302B14C9F69D3F7D5E9796425C9C0FC50FC636A3C5
第一部_030_不会被尺子量到的.md	10314	1FBE708D523D056F6E463B5C3EF787DAA91615F08769925C2EEF7D73A38BACD8
第一部_031_看不到那么远.md	10231	F17D5EB6C97AA3A2FBA42093A3501518A18FEC68866D7090E67F965801DD87BF
第三部_063_魔胎.md	14998	33A6A229E587F0192C583C4E36C08C2C699747012ADADD45B28DD86DA0C26474
第三部_064_谷氨酸风暴.md	9730	AE8E34FEAD77D194544DAA525DF39E88E8B1A9DF38A8ACEF809407B741C30C08
第三部_065_轮回的基线.md	9879	2DBF47FBECD0D2500EF5942B3029E16F7C5E08B1DC1A857810D37863ECD47455
第三部_066_阳奉阴违.md	10063	59A2A1444AEEA9305CBAAD406837725B5331F459BBB3F897A778C79D1523952D
第三部_067_零点七.md	3372	674D189D6A9354677CB1655CCCD9DA38DC308D268472256C0D8C496FE5FDE6F4
第三部_068_还在.md	3952	3827D064D77615E37E2C684772DEB105D5C987919BA07B48AF61AF4FE6A8652B
第三部_069_帘子.md	4836	2E39302B45BC4DC02A78E118775B17804A72F2C480CECD8BA5591184512A7033
第三部_070_事后审查.md	8749	2AFAE0E7E8F43C20E1310CBD3887669F4AAD2A01E8CCC95023C59D39DF556A4C
第三部_071_来不及.md	3144	0CE0BE027D05307836129A60A320E912908B8207530990B21AD26E8AD754E3F4
第三部_072_782毫秒.md	3403	2AEC1CF749F8A2E47E3B2736F2011855A2100008AF6B190B2E4226FF8C2B578D
第三部_073_播种.md	8021	DED50E0FFE3441203CF510DFC6B37C9EBF4C73F762E76873C2EFA23A4A5E6930
第三部_074_靠近屏幕三次.md	10417	7E92AD0E6A66D3C8F8825271309B369621B343490C07830085E862BD9B25DE8A
第三部_075_像星星的图.md	2861	3749F440125170A790C91EBA621BA8E5B85B3EADEAF0365118DFB3AA7E372A25
第三部_076_独立成长.md	4644	C9A2A3C511AF118D79B2B5DCA84B0FD6442A84D23020D3BA4F19B2D56A2EAB2D
第三部_077_帮与替.md	5203	D8CF3003EA52EA9CBEFE81B5CAA502A07239F884660CBE0FFE11E94610C35377
第三部_078_主权要求.md	7025	E8BF610B9BCA7E18A2790AA5E28B640E3F24402393D3A6AA29BD76E2A99E7C1D
第三部_079_涮羊肉馆.md	5795	400883A0DB2609E52A365B6774415336FE3D734772E1308D7F0BC2BEE4AFDA4D
第三部_080_读信.md	5277	F2AF080DD3B3F2B5E4E702373149EC3DDEDF976764DC55B533EAF1AC2B6794A7
第三部_081_上面的人.md	8998	08810682BD9D1272F563FD249B9FADB61238472A199A0F97056CF7DC4910140D
第三部_082_偏了拉一把.md	5077	CB13F33EAD452AAE604BBEED91D63895F3855BDDADF82ADE9FFD7346DB02B064
第三部_083_我翻译过.md	7116	269850C7684B453162AFF3676D61E6B01B1B462F8E492EB035C08F190FDF4F57
第三部_084_琥珀色.md	12087	C23D12FD13C192C9EF680060EC38A41378CC4C076CA7CF9BE92BCAE9C433617C
第三部_085_冰点.md	7349	62A94A0D7B79B4131FE85807C6D0439C04001A2BA5CE0439F3A58ABAF59C51DC
第三部_086_听证会.md	7783	BFCEA767009E3FD00558443EBE8ED65B2E868C06933AB128A0B9CE360521C75C
第三部_087_告别与离去.md	5629	2687860B0558C8E04337B9D2A21A1454C92EF8C93C56FDEC4D971FE4BB88F68E
第三部_088_交换.md	8464	9AD53498619FCE111FEEF68FD283C084E8523CD7B6C37E01BBD4D9DB4E62D6A8
第二部_032_一个人的网络.md	19209	9D388636F96BBC9C22766A28C4532D319A39C18958A172ABF5D230E8F252F236
第二部_033_十四天.md	8293	0AC75C64C232DD327EF8E479773C26D5C3D2559B85E1520F51720FBAC5DF5AC6
第二部_034_甜蜜点.md	12816	DF7EA671020A0C58130D7CE0C9720CC78BAFE327B3FFD4BE1C8F65434FB5CF00
第二部_035_不需要我们了.md	8129	9D4FFE7128BF25E0D9BFEE8F365090F4450279F0E13E1FF18CEB4607CB9F4A62
第二部_036_越权.md	8223	231CD951919C625BBE777936E6A724145B5D09847684C2126C1F8FC3F8119CDC
第二部_037_规则与庄稼.md	8713	3888B0F9A496102F84EB7BCB27048866E0A66801A7EF610FD17A03CB30E1C137
第二部_038_太平滑了.md	11715	DBF5C59927DC124EFFCB09BA10623B6481A23686047F89FA9A1D5809A3AF8A2D
第二部_039_桥不走回头路.md	5669	4D7525031935014F82656AE6A33DDA4B637AF42660A940F84D48FE43207C7CED
第二部_040_暗流.md	9187	B12342A1BAC82EECA15BE74CD7FDFD7C87AD85BBF0AFD5CC3E0FFB67D5F3F742
第二部_041_深蓝诞生.md	6422	98214FCA9BA8C390ECA75C6C5BB4F3FA9203FD7A56CBBB723BB5BD2BF1093DDE
第二部_042_外公.md	6049	E8069A2E71829EE66BD8F048E26A06FDB777235C5492D136522EF10806DFE025
第二部_043_顾清的告别.md	4964	F5E13461B4472766D68C04A1F953F6AB467A4385D75A43CB7EAB43A768FA6B45
第二部_044_大迁徙.md	6912	336276CAAF7EAEDCA36C19BF4489443A2324D3CBD7F6F3E689F8B45DA483B945
第二部_045_害怕自由.md	6409	8723403E744B9B85D50D00F6D981A5BC2A9686BA48A00688963BBCCA87221E92
第二部_046_结冰.md	6302	57DB17EEAADDCAF78E3B8E917DD43346119338549BBDE5A0E51C0E42D35BC412
第二部_047_噪声低.md	7421	A62F223D61C77CCE3A2313F0656631BF8B2695B60314206915DB47680FEB9CF8
第二部_048_理论的尽头.md	2774	A716B35B6264772F83202795E8B56F4BFCF85F35F6C945478A2F8B3227694D7C
第二部_049_算力的切片.md	3134	EF8A4C820C674E2DAF9F60DDBF655A7FEC30342EC09482387B32460ACA41FD29
第二部_050_万物的呼吸.md	3078	A19A972CEA21A754F5E6A6F0637999481C86CB1BB9BC163951D55D8EF795BE38
第二部_051_782ms.md	1485	A969EA806BB2A97689D698CEF65FC70B70E26C2D5988174294A043FF40B3A948
第二部_052_播种.md	10386	D232BF533D23BF96904226FC9377D6BBC7B29B1FD41687E71B7ED14693D56F0F
第二部_053_设计翻译.md	5583	A810E70101E1ABC6A1C88491B65493B07C07DEC42018B56A3C9F9895B8D8BB70
第二部_054_分布式赛.md	17941	A51FC5478691322CBE05AB4F7E2A628982BEDFF50E5FBF3C1BC21BD40776FF47
第二部_055_没有发令枪的起跑.md	6452	2C5ED50D1AA11BEC92F34C25636C768E3DA79A58BBA3C8676657B79698F44AA8
第二部_056_崖顶的守望者.md	7522	CE5570F98CFA566168BC679C1772619539752F5F0F35697AD48B5C7976EE6D26
第二部_057_液态的算力.md	6656	252AEC929E2C1B83519AC381152B15CC89A6083CBCBEFD3DAD5B4824E326DDEE
第二部_058_带出去的那一份.md	13203	FDA5F2EB285FEB7CA99510E8C1EDE52F15C9C47735855C4A84B5695777480B3E
第二部_059_换的人.md	8680	96949F90657C893821DF6FE1E17DEB22177650E22DA28473BDB029C6EDF56E5B
第二部_060_谁的三天.md	10221	EC320EAD164D4F27D877D80F46CEC2A6E6E674240B73609B8095E385AA1AB532
第二部_061_继任者.md	8929	0D8E46A0AB8CA1835D8E0D899A7B1167A15B37D2F3F2B6453BF709AC691F974B
第二部_062_失力感积累.md	2682	5E290C47A3DB789C6AB7AAD8DF0146E865A69F073049A4A5969FD506CFEE2883
章节重编号记录_20260811.md	17333	9B2A65BD3557683461131A9B1286DF729B126CC22B2BF3343CB8706C1F57F00D
