"File","Hash"
"D:\Docker\Movie-Emergence\06_小说\小说正文（待审核）\第二部_041_深蓝诞生.md","98214FCA9BA8C390ECA75C6C5BB4F3FA9203FD7A56CBBB723BB5BD2BF1093DDE"
"D:\Docker\Movie-Emergence\06_小说\小说正文（待审核）\第二部_051_782ms.md","A969EA806BB2A97689D698CEF65FC70B70E26C2D5988174294A043FF40B3A948"
"D:\Docker\Movie-Emergence\06_小说\小说正文（待审核）\第二部_052_播种.md","D232BF533D23BF96904226FC9377D6BBC7B29B1FD41687E71B7ED14693D56F0F"
"D:\Docker\Movie-Emergence\06_小说\小说正文（待审核）\第三部_071_来不及.md","0CE0BE027D05307836129A60A320E912908B8207530990B21AD26E8AD754E3F4"
"D:\Docker\Movie-Emergence\06_小说\小说正文（待审核）\第三部_072_782毫秒.md","2AEC1CF749F8A2E47E3B2736F2011855A2100008AF6B190B2E4226FF8C2B578D"
"D:\Docker\Movie-Emergence\06_小说\小说正文（待审核）\第三部_073_播种.md","DED50E0FFE3441203CF510DFC6B37C9EBF4C73F762E76873C2EFA23A4A5E6930"
"D:\Docker\Movie-Emergence\06_小说\小说正文（待审核）\第三部_085_冰点.md","62A94A0D7B79B4131FE85807C6D0439C04001A2BA5CE0439F3A58ABAF59C51DC"
"D:\Docker\Movie-Emergence\06_小说\小说正文（待审核）\第三部_086_听证会.md","BFCEA767009E3FD00558443EBE8ED65B2E868C06933AB128A0B9CE360521C75C"
"D:\Docker\Movie-Emergence\06_小说\小说正文（待审核）\第三部_087_告别与离去.md","2687860B0558C8E04337B9D2A21A1454C92EF8C93C56FDEC4D971FE4BB88F68E"
