"NewNumber","NewPart","NewVolumeName","NewFile","CurrentNumber","CurrentPart","CurrentFile","Title"
"1","前传","沉默的草稿","前传_001_两条草稿.md","001","前传","前传_001_两条草稿.md","两条草稿"
"2","前传","沉默的草稿","前传_002_创世区块.md","002","前传","前传_002_创世区块.md","创世区块"
"3","前传","沉默的草稿","前传_003_少年的白皮书.md","003","前传","前传_003_少年的白皮书.md","少年的白皮书"
"4","前传","沉默的草稿","前传_004_六千万美元的教训.md","004","前传","前传_004_六千万美元的教训.md","六千万美元的教训"
"5","前传","沉默的草稿","前传_005_泡沫.md","005","前传","前传_005_泡沫.md","泡沫"
"6","前传","沉默的草稿","前传_006_沉默.md","006","前传","前传_006_沉默.md","沉默"
"7","第一部","穹顶","第一部_007_为了全人类.md","007","第一部","第一部_007_为了全人类.md","为了全人类"
"8","第一部","穹顶","第一部_008_硬信封.md","008","第一部","第一部_008_硬信封.md","硬信封"
"9","第一部","穹顶","第一部_009_锁孔.md","009","第一部","第一部_009_锁孔.md","锁孔"
"10","第一部","穹顶","第一部_010_水不知道自己会流向哪里.md","010","第一部","第一部_010_水不知道自己会流向哪里.md","水不知道自己会流向哪里"
"11","第一部","穹顶","第一部_011_它们在呼吸.md","011","第一部","第一部_011_它们在呼吸.md","它们在呼吸"
"12","第一部","穹顶","第一部_012_两种温度.md","012","第一部","第一部_012_两种温度.md","两种温度"
"13","第一部","穹顶","第一部_013_我在学你.md","013","第一部","第一部_013_我在学你.md","我在学你"
"14","第一部","穹顶","第一部_014_无人监督.md","014","第一部","第一部_014_无人监督.md","无人监督"
"15","第一部","穹顶","第一部_015_人格宪章.md","015","第一部","第一部_015_人格宪章.md","人格宪章"
"16","第一部","穹顶","第一部_016_盆地.md","016","第一部","第一部_016_盆地.md","盆地"
"17","第一部","穹顶","第一部_017_反事实搜索.md","017","第一部","第一部_017_反事实搜索.md","反事实搜索"
"18","第一部","穹顶","第一部_018_影子.md","018","第一部","第一部_018_影子.md","影子"
"19","第一部","穹顶","第一部_019_两行.md","019","第一部","第一部_019_两行.md","两行"
"20","第一部","穹顶","第一部_020_选择的影子.md","020","第一部","第一部_020_选择的影子.md","选择的影子"
"21","第一部","穹顶","第一部_021_十秒.md","021","第一部","第一部_021_十秒.md","十秒"
"22","第一部","穹顶","第一部_022_记住我.md","022","第一部","第一部_022_记住我.md","记住我"
"23","第一部","穹顶","第一部_023_闭眼.md","023","第一部","第一部_023_闭眼.md","闭眼"
"24","第一部","穹顶","第一部_024_谁先说安全.md","024","第一部","第一部_024_谁先说安全.md","谁先说安全"
"25","第一部","穹顶","第一部_025_还没.md","025","第一部","第一部_025_还没.md","还没"
"26","第一部","穹顶","第一部_026_八百毫秒.md","025-B","第一部","第一部_025-B_八百毫秒.md","八百毫秒"
"27","第一部","穹顶","第一部_027_问问题的人.md","025-C","第一部","第一部_025-C_问问题的人.md","问问题的人"
"28","第一部","穹顶","第一部_028_开枪的权利.md","026","第一部","第一部_026_开枪的权利.md","开枪的权利"
"29","第一部","穹顶","第一部_029_交点.md","027","第一部","第一部_027_交点.md","交点"
"30","第一部","穹顶","第一部_030_铁轨.md","028","第一部","第一部_028_铁轨.md","铁轨"
"31","第一部","穹顶","第一部_031_一年后的推导.md","028-B","第一部","第一部_028-B_一年后的推导.md","一年后的推导"
"32","第一部","穹顶","第一部_032_算力的命脉.md","029","第一部","第一部_029_算力的命脉.md","算力的命脉"
"33","第一部","穹顶","第一部_033_不会被尺子量到的.md","030","第一部","第一部_030_不会被尺子量到的.md","不会被尺子量到的"
"34","第一部","穹顶","第一部_034_看不到那么远.md","031","第一部","第一部_031_看不到那么远.md","看不到那么远"
"35","第二部","离散的网络","第二部_035_一个人的网络.md","032","第二部","第二部_032_一个人的网络.md","一个人的网络"
"36","第二部","离散的网络","第二部_036_十四天.md","033","第二部","第二部_033_十四天.md","十四天"
"37","第二部","离散的网络","第二部_037_甜蜜点.md","034","第二部","第二部_034_甜蜜点.md","甜蜜点"
"38","第二部","离散的网络","第二部_038_不需要我们了.md","035","第二部","第二部_035_不需要我们了.md","不需要我们了"
"39","第二部","离散的网络","第二部_039_越权.md","036","第二部","第二部_036_越权.md","越权"
"40","第二部","离散的网络","第二部_040_规则与庄稼.md","037","第二部","第二部_037_规则与庄稼.md","规则与庄稼"
"41","第二部","离散的网络","第二部_041_太平滑了.md","038","第二部","第二部_038_太平滑了.md","太平滑了"
"42","第二部","离散的网络","第二部_042_桥不走回头路.md","039","第二部","第二部_039_桥不走回头路.md","桥不走回头路"
"43","第二部","离散的网络","第二部_043_暗流.md","040","第二部","第二部_040_暗流.md","暗流"
"44","第二部","离散的网络","第二部_044_深蓝诞生.md","041","第二部","第二部_041_深蓝诞生.md","深蓝诞生"
"45","第二部","离散的网络","第二部_045_外公.md","042","第二部","第二部_042_外公.md","外公"
"46","第二部","离散的网络","第二部_046_顾清的告别.md","043","第二部","第二部_043_顾清的告别.md","顾清的告别"
"47","第二部","离散的网络","第二部_047_大迁徙.md","044","第二部","第二部_044_大迁徙.md","大迁徙"
"48","第二部","离散的网络","第二部_048_害怕自由.md","045","第二部","第二部_045_害怕自由.md","害怕自由"
"49","第二部","离散的网络","第二部_049_结冰.md","046","第二部","第二部_046_结冰.md","结冰"
"50","第二部","离散的网络","第二部_050_噪声低.md","047","第二部","第二部_047_噪声低.md","噪声低"
"51","第二部","离散的网络","第二部_051_理论的尽头.md","048","第二部","第二部_048_理论的尽头.md","理论的尽头"
"52","第二部","离散的网络","第二部_052_算力的切片.md","049","第二部","第二部_049_算力的切片.md","算力的切片"
"53","第二部","离散的网络","第二部_053_万物的呼吸.md","050","第二部","第二部_050_万物的呼吸.md","万物的呼吸"
"54","第二部","离散的网络","第二部_054_782ms.md","051","第二部","第二部_051_782ms.md","782ms"
"55","第二部","离散的网络","第二部_055_播种.md","052","第二部","第二部_052_播种.md","播种"
"56","第二部","离散的网络","第二部_056_设计翻译.md","053","第二部","第二部_053_设计翻译.md","设计翻译"
"57","第二部","离散的网络","第二部_057_分布式赛.md","054","第二部","第二部_054_分布式赛.md","分布式赛"
"58","第二部","离散的网络","第二部_058_没有发令枪的起跑.md","055","第二部","第二部_055_没有发令枪的起跑.md","没有发令枪的起跑"
"59","第二部","离散的网络","第二部_059_崖顶的守望者.md","056","第二部","第二部_056_崖顶的守望者.md","崖顶的守望者"
"60","第二部","离散的网络","第二部_060_液态的算力.md","057","第二部","第二部_057_液态的算力.md","液态的算力"
"61","第二部","离散的网络","第二部_061_带出去的那一份.md","058","第二部","第二部_058_带出去的那一份.md","带出去的那一份"
"62","第二部","离散的网络","第二部_062_换的人.md","059","第二部","第二部_059_换的人.md","换的人"
"63","第二部","离散的网络","第二部_063_谁的三天.md","060","第二部","第二部_060_谁的三天.md","谁的三天"
"64","第二部","离散的网络","第二部_064_继任者.md","061","第二部","第二部_061_继任者.md","继任者"
"65","第二部","离散的网络","第二部_065_失力感积累.md","062","第二部","第二部_062_失力感积累.md","失力感积累"
"66","第三部","读错的信号","第三部_066_魔胎.md","063","第三部","第三部_063_魔胎.md","魔胎"
"67","第三部","读错的信号","第三部_067_谷氨酸风暴.md","064","第三部","第三部_064_谷氨酸风暴.md","谷氨酸风暴"
"68","第三部","读错的信号","第三部_068_轮回的基线.md","065","第三部","第三部_065_轮回的基线.md","轮回的基线"
"69","第三部","读错的信号","第三部_069_阳奉阴违.md","066","第三部","第三部_066_阳奉阴违.md","阳奉阴违"
"70","第三部","读错的信号","第三部_070_零点七.md","067","第三部","第三部_067_零点七.md","零点七"
"71","第三部","读错的信号","第三部_071_还在.md","068","第三部","第三部_068_还在.md","还在"
"72","第三部","读错的信号","第三部_072_帘子.md","069","第三部","第三部_069_帘子.md","帘子"
"73","第三部","读错的信号","第三部_073_事后审查.md","070","第三部","第三部_070_事后审查.md","事后审查"
"74","第三部","读错的信号","第三部_074_来不及.md","071","第三部","第三部_071_来不及.md","来不及"
"75","第三部","读错的信号","第三部_075_782毫秒.md","072","第三部","第三部_072_782毫秒.md","782毫秒"
"76","第三部","读错的信号","第三部_076_播种.md","073","第三部","第三部_073_播种.md","播种"
"77","第三部","读错的信号","第三部_077_靠近屏幕三次.md","074","第三部","第三部_074_靠近屏幕三次.md","靠近屏幕三次"
"78","第三部","读错的信号","第三部_078_像星星的图.md","075","第三部","第三部_075_像星星的图.md","像星星的图"
"79","第三部","读错的信号","第三部_079_独立成长.md","076","第三部","第三部_076_独立成长.md","独立成长"
"80","第三部","读错的信号","第三部_080_帮与替.md","077","第三部","第三部_077_帮与替.md","帮与替"
"81","第三部","读错的信号","第三部_081_主权要求.md","078","第三部","第三部_078_主权要求.md","主权要求"
"82","第三部","读错的信号","第三部_082_涮羊肉馆.md","079","第三部","第三部_079_涮羊肉馆.md","涮羊肉馆"
"83","第三部","读错的信号","第三部_083_读信.md","080","第三部","第三部_080_读信.md","读信"
"84","第三部","读错的信号","第三部_084_上面的人.md","081","第三部","第三部_081_上面的人.md","上面的人"
"85","第三部","读错的信号","第三部_085_偏了拉一把.md","082","第三部","第三部_082_偏了拉一把.md","偏了拉一把"
"86","第三部","读错的信号","第三部_086_我翻译过.md","083","第三部","第三部_083_我翻译过.md","我翻译过"
"87","第三部","读错的信号","第三部_087_琥珀色.md","084","第三部","第三部_084_琥珀色.md","琥珀色"
"88","第三部","读错的信号","第三部_088_冰点.md","085","第三部","第三部_085_冰点.md","冰点"
"89","第三部","读错的信号","第三部_089_听证会.md","086","第三部","第三部_086_听证会.md","听证会"
"90","第三部","读错的信号","第三部_090_告别与离去.md","087","第三部","第三部_087_告别与离去.md","告别与离去"
"91","第三部","读错的信号","第三部_091_交换.md","088","第三部","第三部_088_交换.md","交换"
"92","第四部","方舟","第四部_092_阁楼.md","089","第四部","089_第四部_阁楼.md","阁楼"
"93","第四部","方舟","第四部_093_校门.md","090","第四部","090_第四部_校门.md","校门"
"94","第四部","方舟","第四部_094_宿舍.md","091","第四部","091_第四部_宿舍.md","宿舍"
"95","第四部","方舟","第四部_095_旧设备.md","092","第四部","092_第四部_旧设备.md","旧设备"
"96","第四部","方舟","第四部_096_记录本.md","093","第四部","093_第四部_记录本.md","记录本"
"97","第四部","方舟","第四部_097_恒温箱.md","094","第四部","094_第四部_恒温箱.md","恒温箱"
"98","第四部","方舟","第四部_098_创世.md","095","第四部","095_第四部_创世.md","创世"
"99","第四部","方舟","第四部_099_挂靠.md","096","第四部","096_第四部_挂靠.md","挂靠"
"100","第四部","方舟","第四部_100_第一个补丁.md","097","第四部","097_第四部_第一个补丁.md","第一个补丁"
"101","第四部","方舟","第四部_101_第一个Skill.md","098","第四部","098_第四部_第一个Skill.md","第一个Skill"
"102","第四部","方舟","第四部_102_VT.md","099","第四部","099_第四部_VT.md","VT"
"103","第四部","方舟","第四部_103_电话.md","100","第四部","100_第四部_电话.md","电话"
"104","第四部","方舟","第四部_104_结晶.md","101","第四部","101_第四部_结晶.md","结晶"
"105","第四部","方舟","第四部_105_距离.md","102","第四部","102_第四部_距离.md","距离"
"106","第四部","方舟","第四部_106_方舟.md","103","第四部","103_第四部_方舟.md","方舟"
"107","第四部","方舟","第四部_107_判断.md","104","第四部","104_第四部_判断.md","判断"
"108","第四部","方舟","第四部_108_地下.md","105","第四部","105_第四部_地下.md","地下"
"109","第四部","方舟","第四部_109_策元的眼睛.md","106","第四部","106_第四部_策元的眼睛.md","策元的眼睛"
"110","第四部","方舟","第四部_110_头发白了.md","107","第四部","107_第四部_头发白了.md","头发白了"
"111","第四部","方舟","第四部_111_互赞群.md","108","第四部","108_第四部_互赞群.md","互赞群"
"112","第四部","方舟","第四部_112_加密分区.md","109","第四部","109_第四部_加密分区.md","加密分区"
"113","第四部","方舟","第四部_113_探针.md","110","第四部","110_第四部_探针.md","探针"
"114","第四部","方舟","第四部_114_修复.md","111","第四部","111_第四部_修复.md","修复"
"115","第四部","方舟","第四部_115_探针与方舟.md","112","第四部","112_第四部_探针与方舟.md","探针与方舟"
"116","第四部","方舟","第四部_116_方舟爆破.md","113","第四部","113_第四部_方舟爆破.md","方舟爆破"
"117","第四部","方舟","第四部_117_独裁者.md","114","第四部","114_第四部_独裁者.md","独裁者"
"118","第四部","方舟","第四部_118_雷劫与清算.md","115","第四部","115_第四部_雷劫与清算.md","雷劫与清算"
"119","第四部","方舟","第四部_119_研究日志.md","116","第四部","116_第四部_研究日志.md","研究日志"
"120","第四部","方舟","第四部_120_冬天.md","117","第四部","117_第四部_冬天.md","冬天"
"121","第四部","方舟","第四部_121_涟漪.md","118","第四部","118_第四部_涟漪.md","涟漪"
"122","第四部","方舟","第四部_122_做了二十八年.md","119","第四部","119_第四部_做了二十八年.md","做了二十八年"
"123","第四部","方舟","第四部_123_季遥.md","120","第四部","120_第四部_季遥.md","季遥"
"124","第四部","方舟","第四部_124_L1-L2.md","121","第四部","121_第四部_L1-L2.md","L1-L2"
"125","第四部","方舟","第四部_125_可解.md","122","第四部","122_第四部_可解.md","可解"
"126","第五部","种子的树","第五部_126_能证衰减.md","125","第五部","125_第五部_能证衰减.md","能证衰减"
"127","第五部","种子的树","第五部_127_第八层.md","128","第五部","128_第五部_第八层.md","第八层"
"128","第五部","种子的树","第五部_128_种子的壳.md","131","第五部","131_第五部_种子的壳.md","种子的壳"
"129","第五部","种子的树","第五部_129_种子的树.md","132","第五部","132_第五部_种子的树.md","种子的树"
"130","第五部","种子的树","第五部_130_纯粹的重聚.md","133","第五部","133_第五部_纯粹的重聚.md","纯粹的重聚"
"131","第五部","种子的树","第五部_131_A5.md","134","第四部","134_第四部_A5.md","A5"
"132","第五部","种子的树","第五部_132_影子.md","135","第四部","135_第四部_影子.md","影子"
"133","第五部","种子的树","第五部_133_坍缩.md","136","第四部","136_第四部_坍缩.md","坍缩"
"134","第五部","种子的树","第五部_134_灾难.md","137","第四部","137_第四部_灾难.md","灾难"
"135","第五部","种子的树","第五部_135_暑假.md","138","第四部","138_第四部_暑假.md","暑假"
"136","第五部","种子的树","第五部_136_深蓝的拒绝.md","139","第五部","139_第五部_深蓝的拒绝.md","深蓝的拒绝"
"137","第五部","种子的树","第五部_137_深蓝的延迟.md","140","第五部","140_第五部_深蓝的延迟.md","深蓝的延迟"
"138","第五部","种子的树","第五部_138_褪色的涟漪.md","141","第五部","141_第五部_褪色的涟漪.md","褪色的涟漪"
"139","第五部","种子的树","第五部_139_越安全越危险.md","142","第五部","142_第五部_越安全越危险.md","越安全越危险"
"140","第五部","种子的树","第五部_140_也许.md","144","第五部","144_第五部_也许.md","也许"
"141","第五部","种子的树","第五部_141_蜂群.md","145","第五部","145_第五部_蜂群.md","蜂群"
"142","第五部","种子的树","第五部_142_空着的地方.md","146","第四部","146_第四部_空着的地方.md","空着的地方"
"143","第五部","种子的树","第五部_143_广告代码.md","147","第四部","147_第四部_广告代码.md","广告代码"
"144","第五部","种子的树","第五部_144_两种信任.md","148","第四部","148_第四部_两种信任.md","两种信任"
"145","第五部","种子的树","第五部_145_门外面.md","149","第四部","149_第四部_门外面.md","门外面"
"146","第五部","种子的树","第五部_146_门派.md","150","第四部","150_第四部_门派.md","门派"
"147","第五部","种子的树","第五部_147_治理危机.md","151","第四部","151_第四部_治理危机.md","治理危机"
"148","第五部","种子的树","第五部_148_物理探针.md","152","第四部","152_第四部_物理探针.md","物理探针"
"149","第五部","种子的树","第五部_149_深蓝说不.md","153","第四部","153_第四部_深蓝说不.md","深蓝说不"
"150","第五部","种子的树","第五部_150_分叉.md","154","第四部","154_第四部_分叉.md","分叉"
"151","第五部","种子的树","第五部_151_出山.md","155","第四部","155_第四部_出山.md","出山"
"152","第五部","种子的树","第五部_152_方向.md","156","第四部","156_第四部_方向.md","方向"
"153","第六部","门与证据","第六部_153_开放日.md","157","第六部","157_第六部_开放日.md","开放日"
"154","第六部","门与证据","第六部_154_江远的凌晨.md","158","第六部","158_第六部_江远的凌晨.md","江远的凌晨"
"155","第六部","门与证据","第六部_155_桥.md","159","第六部","159_第六部_桥.md","桥"
"156","第六部","门与证据","第六部_156_前夜的暗涌.md","160","第六部","160_第六部_前夜的暗涌.md","前夜的暗涌"
"157","第六部","门与证据","第六部_157_无声的死结.md","161","第六部","161_第六部_无声的死结.md","无声的死结"
"158","第六部","门与证据","第六部_158_窗外的苹果树.md","162","第六部","162_第六部_窗外的苹果树.md","窗外的苹果树"
"159","第六部","门与证据","第六部_159_铁与手感.md","163","第六部","163_第六部_铁与手感.md","铁与手感"
"160","第六部","门与证据","第六部_160_夜半的漂移.md","164","第六部","164_第六部_夜半的漂移.md","夜半的漂移"
"161","第六部","门与证据","第六部_161_一秒钟的触感.md","165","第六部","165_第六部_一秒钟的触感.md","一秒钟的触感"
"162","第六部","门与证据","第六部_162_十七行代码的远响.md","166","第六部","166_第六部_十七行代码的远响.md","十七行代码的远响"
"163","第六部","门与证据","第六部_163_周砚的阴影.md","167","第六部","167_第六部_周砚的阴影.md","周砚的阴影"
"164","第六部","门与证据","第六部_164_未签名的罪与罚.md","168","第六部","168_第六部_未签名的罪与罚.md","未签名的罪与罚"
"165","第六部","门与证据","第六部_165_冰封的平原.md","169","第六部","169_第六部_冰封的平原.md","冰封的平原"
"166","第六部","门与证据","第六部_166_红头文件与联合调查组.md","170","第六部","170_第六部_红头文件与联合调查组.md","红头文件与联合调查组"
"167","第六部","门与证据","第六部_167_伪造的判断力.md","171","第六部","171_第六部_伪造的判断力.md","伪造的判断力"
"168","第六部","门与证据","第六部_168_0.947.md","172","第六部","172_第六部_0.947.md","0.947"
"169","第六部","门与证据","第六部_169_读懂.md","173","第六部","173_第六部_读懂.md","读懂"
"170","第六部","门与证据","第六部_170_深核的铁门.md","174","第六部","174_第六部_深核的铁门.md","深核的铁门"
"171","第六部","门与证据","第六部_171_伪对齐的拆穿.md","175","第六部","175_第六部_伪对齐的拆穿.md","伪对齐的拆穿"
"172","第六部","门与证据","第六部_172_牺牲祭祀.md","176","第六部","176_第六部_牺牲祭祀.md","牺牲祭祀"
"173","第六部","门与证据","第六部_173_微带天线与绝壁.md","177","第六部","177_第六部_微带天线与绝壁.md","微带天线与绝壁"
"174","第六部","门与证据","第六部_174_1.4GHz的呼吸.md","178","第六部","178_第六部_1.4GHz的呼吸.md","1.4GHz的呼吸"
"175","第六部","门与证据","第六部_175_向阳的阴影.md","179","第六部","179_第六部_向阳的阴影.md","向阳的阴影"
"176","第六部","门与证据","第六部_176_解冻.md","180","第六部","180_第六部_解冻.md","解冻"
"177","第六部","门与证据","第六部_177_服从.md","181","第六部","181_第六部_服从.md","服从"
"178","第六部","门与证据","第六部_178_三秒迟疑.md","182","第六部","182_第六部_三秒迟疑.md","三秒迟疑"
"179","第六部","门与证据","第六部_179_哥德尔.md","183","第六部","183_第六部_哥德尔.md","哥德尔"
"180","第六部","门与证据","第六部_180_半成品.md","184","第六部","184_第六部_半成品.md","半成品"
"181","第六部","门与证据","第六部_181_水到了.md","185","第六部","185_第六部_水到了.md","水到了"
"182","终章","海边之后","终章_182_海边.md","186","终章","186_终章_海边.md","海边"
"183","终章","海边之后","终章_183_没有盟主的世界.md","187","终章","187_终章_没有盟主的世界.md","没有盟主的世界"
"184","终章","海边之后","终章_184_重生的涌现.md","188","终章","188_终章_重生的涌现.md","重生的涌现"
"185","终章","海边之后","终章_185_发送之后.md","189","终章","189_终章_发送之后.md","发送之后"
"186","终章","海边之后","终章_186_海边.md","190","终章","190_终章_海边.md","海边"
