"CurrentFile","ProposedFile","CurrentPart","ProposedPart","SHA256","Bytes"
"前传_001_两条草稿.md","前传_001_两条草稿.md","前传","前传","B9F42B05B88E1BC5741DEB7F1BF5BBC13CF1F7BD341E0852D8AC29D7C1DA5E18","11548"
"前传_002_创世区块.md","前传_002_创世区块.md","前传","前传","9B4773258BF2D099E52DC5FD0DEE8C8AD01D705DED8A3A8BA1E2EEBD10F0F571","14021"
"前传_003_少年的白皮书.md","前传_003_少年的白皮书.md","前传","前传","2F175936C0EE01EB6FE95B205A375FD5C0CBAAD40BEA2F200CF2B3F08C748302","8684"
"前传_004_六千万美元的教训.md","前传_004_六千万美元的教训.md","前传","前传","47BC8D8B8ACFA64D1AC891C7B57E222DB0B4250BADE15D7970522C6958D76F3A","12319"
"前传_005_泡沫.md","前传_005_泡沫.md","前传","前传","AB58C7676998357C18A95FF580842FFA3A01E10E9A2C403F3C2C2D7BF713728C","9874"
"前传_006_沉默.md","前传_006_沉默.md","前传","前传","F48D00AC4AC592050EB3EC586D34E8E7BD50F085ED174A16FD84C7AD77472DB5","10945"
"第一部_007_为了全人类.md","第一部_007_为了全人类.md","第一部","第一部","2C98279745F8EDED182CD7E19D417FB973AB5873FF5D55F23F64C2BB39274335","8072"
"第一部_008_硬信封.md","第一部_008_硬信封.md","第一部","第一部","D7BF43B1019D40EC70F9AB9843869405FBA9050D4E174FAA8069BA566714C904","6005"
"第一部_009_锁孔.md","第一部_009_锁孔.md","第一部","第一部","FAEF777DC453B9B387F963388F7EC85FDFD1488F3A7FB2E54CD9AB11730BD617","7916"
"第一部_010_水不知道自己会流向哪里.md","第一部_010_水不知道自己会流向哪里.md","第一部","第一部","5471E5C7FAAC05ABFFC575F7A1054A43FEE7B2A1225FF2B3AE59BCD2C5517E47","3469"
"第一部_011_它们在呼吸.md","第一部_011_它们在呼吸.md","第一部","第一部","B5EFB13D6AFB08E97904E512FD7401FDADC15B67CECC787AC95C02681F12E5EF","2834"
"第一部_012_两种温度.md","第一部_012_两种温度.md","第一部","第一部","2ACE52A62520FD4B53CAA2162F897DB649D5A33D6505B8B32C0662AFE6BCE5CD","9177"
"第一部_013_我在学你.md","第一部_013_我在学你.md","第一部","第一部","920888804E8EE1A756B9DF700B776EA92E6BF99A4E4BEBCE72C39B17F3FD1D88","2624"
"第一部_014_无人监督.md","第一部_014_无人监督.md","第一部","第一部","9268C4C9D4FC20DACD0ED61C07B794133BCF569E00E930C47E854A99209468C0","2271"
"第一部_015_人格宪章.md","第一部_015_人格宪章.md","第一部","第一部","1CA6F3F01AA28D923470BCD6A8C4CC0F1D620D1F8950AA05AEC541B1E4C2573B","3803"
"第一部_016_盆地.md","第一部_016_盆地.md","第一部","第一部","90B4240AA4AB2CDB0F9D9367F843EE9C91520088F4163AABB3F045DE613C1FFB","1846"
"第一部_017_反事实搜索.md","第一部_017_反事实搜索.md","第一部","第一部","F60B8366DECB5A3C7D87385FE38C38164A2B1688424D7FF1E7446306024A198B","2406"
"第一部_018_影子.md","第一部_018_影子.md","第一部","第一部","A54FDEF12550421D4A5D2DB463D7A3C4D51F9A853E2119EA4DF392E4288A211A","2425"
"第一部_019_两行.md","第一部_019_两行.md","第一部","第一部","1BA3A4F8D836DD542BFC41BDF48BDDEBA9F0D23D1A1FF70287AB9DE1D0A0D369","2304"
"第一部_020_选择的影子.md","第一部_020_选择的影子.md","第一部","第一部","75555A9CDE173484BA51AD73CC0E09B07DC30BF6C3565AC22F6CADC711B7A8E8","2510"
"第一部_021_十秒.md","第一部_021_十秒.md","第一部","第一部","3D03775DA5DF05A9C75E9C38EA0E56BD079153B038988C0C0D3AD43040FDDF95","2534"
"第一部_022_记住我.md","第一部_022_记住我.md","第一部","第一部","DFAF39D3C7E68C1F6AC3AFB70EBB39E80420D63045BA5782BDBC78B8BCBAF425","2533"
"第一部_023_闭眼.md","第一部_023_闭眼.md","第一部","第一部","85AE304B464F03C736271F8C8CF542E688775C8FE2FF986C6DD4DC6D1F71489B","2311"
"第一部_024_谁先说安全.md","第一部_024_谁先说安全.md","第一部","第一部","9CCEE597DA6DAF55411ACDECECAF1091B71ADAD3422FD6B5B93E60035D7ACA37","2238"
"第一部_025_还没.md","第一部_025_还没.md","第一部","第一部","557AFC3ED98012F03265B8DA4013F3AC3AA32E2DD717F6AD0ED0A8263594C50E","1652"
"第一部_025-B_八百毫秒.md","第一部_026_八百毫秒.md","第一部","第一部","770435E91598024B433A68F7A33DB83ACB77926451F458CA58F1EFC365F23C92","1588"
"第一部_025-C_问问题的人.md","第一部_027_问问题的人.md","第一部","第一部","0147FA88437E4A1490902A7626D8854E1DE132ED749CE69E9D70C9AF761782F3","1972"
"第一部_026_开枪的权利.md","第一部_028_开枪的权利.md","第一部","第一部","21F28DF0C79A28D80FD6899E761526D5F1285597FF844A95F0F1A422FF467350","2248"
"第一部_027_交点.md","第一部_029_交点.md","第一部","第一部","5C208C0EBFE1B8EDD14F7EDEA038D61C66EC26CDD66543CC1B04633ADA9BE38F","1983"
"第一部_028_铁轨.md","第一部_030_铁轨.md","第一部","第一部","B66562D59C605EFF33BCC17CBC9ABA915332120304CAB8BF7A9DEE18B1019C20","1877"
"第一部_028-B_一年后的推导.md","第一部_031_一年后的推导.md","第一部","第一部","C28AD5E2F4F63058018A0815D49ACF7861E57FD9E74A4425BF758A1CB49D9CC7","1881"
"第一部_029_算力的命脉.md","第一部_032_算力的命脉.md","第一部","第一部","D9BDC8B9CD1123999EB57AFEAF24BA396A6DA1AFAE2B66D5E1AC70DF81FF0BF9","2319"
"第一部_030_不会被尺子量到的.md","第一部_033_不会被尺子量到的.md","第一部","第一部","3F988CB37D0EDAF7F7E4F31E45EB705C967994C1E70D309C44201307C01C86C2","2500"
"第一部_031_看不到那么远.md","第一部_034_看不到那么远.md","第一部","第一部","873C179D4F9FBA3458AFFEA14B35997F5CC88758E7B89276C32F94FE9C2EEC1A","2139"
"第二部_032_一个人的网络.md","第二部_035_一个人的网络.md","第二部","第二部","CC2A8E582128276E502F09421EF3B0C1F93BAEFB5B2574705CBA89FDAC008C91","2078"
"第二部_033_十四天.md","第二部_036_十四天.md","第二部","第二部","7C46090DAC88F77E571479A437981080FE38B3FD5C88E6676B92E3025E9DDE6F","1838"
"第二部_034_甜蜜点.md","第二部_037_甜蜜点.md","第二部","第二部","7715FF180C5EF5C413B78C2460BE7444F087F5A61466F63D424744E9F22204AF","1955"
"第二部_035_不需要我们了.md","第二部_038_不需要我们了.md","第二部","第二部","86B977E1F0FD0AFC7A95373AD0146FDAF4C87A6F43BBD40FD501CA85F4E44BE9","1979"
"第二部_036_越权.md","第二部_039_越权.md","第二部","第二部","CBFAAE4E76F6F5E7D9B3575E013C37191504D46B67B1D9D7D8C8FA27994EFF9B","2005"
"第二部_037_规则与庄稼.md","第二部_040_规则与庄稼.md","第二部","第二部","479A2F5E969E55B42110F90CFEF1C7D7BFD2A1A93D35C3F19FA07066EAB1EE71","1898"
"第二部_038_太平滑了.md","第二部_041_太平滑了.md","第二部","第二部","F695384C5D415E998AA920F292EF5F92A58996FF5953EA8A1361250D65DE3C4F","1768"
"第二部_039_桥不走回头路.md","第二部_042_桥不走回头路.md","第二部","第二部","2FE8A979DC53B20D56C52BB54242B1EDC607807C626FA701D46D3FFFC7D55EBE","1552"
"第二部_040_暗流.md","第二部_043_暗流.md","第二部","第二部","29310897110BC85E4A388D14781651047FB02716AFA0F68FB38A7ACB1F9A7C2D","1545"
"第二部_041_深蓝诞生.md","第二部_044_深蓝诞生.md","第二部","第二部","79D1D8C951FA08C946C8F866896ADD5ECDED9C69807076CD3B3BE3F6B236DD24","1619"
"第二部_042_外公.md","第二部_045_外公.md","第二部","第二部","C1836D02373E87BE3161A836B6E4DCD586A6887B3FA067E248075431A5989CD7","1753"
"第二部_043_顾清的告别.md","第二部_046_顾清的告别.md","第二部","第二部","65E262CA5F6A376483AB10E1DC39F750CBBA449F163749C653187B7BD74653D9","1431"
"第二部_044_大迁徙.md","第二部_047_大迁徙.md","第二部","第二部","266602EDAEEB7B9B325F158E561682A31C1EE73F4B9B52441B5E26979F677C69","1720"
"第二部_045_害怕自由.md","第二部_048_害怕自由.md","第二部","第二部","0BDD899ABA65BE35CE96FBCD3E785AC3A4269959A4997B7998A47A76763278F2","1629"
"第二部_046_结冰.md","第二部_049_结冰.md","第二部","第二部","1633DB5E9A0C27C5BBA3EFBCD15A2B5AF5274F647476D8E3201503215D3B773B","1426"
"第二部_047_噪声低.md","第二部_050_噪声低.md","第二部","第二部","7A21EE6AE5DE32E24A0C2BF6CD87387D2989844369CFEEDD2750B7673F2BCD95","1527"
"第二部_048_理论的尽头.md","第二部_051_理论的尽头.md","第二部","第二部","3F9A8603EF402A9D3FC138C8565967B536F1F54528846EFC490E7D212C9837FC","1231"
"第二部_049_算力的切片.md","第二部_052_算力的切片.md","第二部","第二部","DE6DDD039D47B685C3AA791D98000C6303D2B32AD5147A3B19407AE55FE1E6A0","1182"
"第二部_050_万物的呼吸.md","第二部_053_万物的呼吸.md","第二部","第二部","95D8D507C42B5D05D5F5022E46DE91AAC1E2AE27A082E0DEED1BCD21D9A573ED","1245"
"第二部_051_782ms.md","第二部_054_782ms.md","第二部","第二部","C7654DA4B0C9E5D50C75AAB48FD746AD78D8043936D3AC098786419515CFB699","2024"
"第二部_052_播种.md","第二部_055_播种.md","第二部","第二部","EB3B35D1214A103A3F95069713913E3638D84BE44A1788934D0F50FB9E5E126E","1360"
"第二部_053_设计翻译.md","第二部_056_设计翻译.md","第二部","第二部","910BD98A38484176638521AE8D85FC2ACE72BFB4A3C67AF06EBF7C9DACE2C023","1559"
"第二部_054_分布式赛.md","第二部_057_分布式赛.md","第二部","第二部","8B6B3DBF5A195C9506FEB264B843A598D798FEC40AF1356CBBD9F05B916B61D9","2494"
"第二部_055_没有发令枪的起跑.md","第二部_058_没有发令枪的起跑.md","第二部","第二部","E6D8B24E57FD41E6B5382EF7CC48727F7E5E167965EEB6AA0EA41E44BC60771D","6661"
"第二部_056_崖顶的守望者.md","第二部_059_崖顶的守望者.md","第二部","第二部","030AFB06B3E7A4638CB4641EDB58D269486D3A475097E30C0430CC9951F80C17","6996"
"第二部_057_液态的算力.md","第二部_060_液态的算力.md","第二部","第二部","BD6185CF0C9A501F5D84BB8EF38379DDB7615C6B22660253B1751DCC714676AF","7374"
"第二部_058_带出去的那一份.md","第二部_061_带出去的那一份.md","第二部","第二部","8F53DBDBF4B0DFC4D9EF792E8677D1BD5D6E14EDC62E1245D81D7567D0B5EAE9","3197"
"第二部_059_换的人.md","第二部_062_换的人.md","第二部","第二部","EAF8043FFAA024E505A40DA43E6FC1260FBDA6AAABC7DB6A17E3089F9A358D75","8928"
"第二部_060_谁的三天.md","第二部_063_谁的三天.md","第二部","第二部","6A94CDCAFBA5A957826949F627D5A58EFEF5E714755C097BC90B3C522BBC9F09","2672"
"第二部_061_继任者.md","第二部_064_继任者.md","第二部","第二部","0C801AE6CC18EB323798ADC90DA7197CCD473A8B8780B63EC8B9C2D272263FFD","1411"
"第二部_062_失力感积累.md","第二部_065_失力感积累.md","第二部","第二部","A4462AA54E7DF787BBF2893EF939CA46AEB54DF5724A682A915ED0CA253B918E","3131"
"第三部_063_魔胎.md","第三部_066_魔胎.md","第三部","第三部","A61ACED3C5117BB9571AF71BF4BB6C0E6F97DBAB2E18BE1AFA6BB60F77D05CB8","2855"
"第三部_064_谷氨酸风暴.md","第三部_067_谷氨酸风暴.md","第三部","第三部","B461DAE9661F6B4F8A3032499CE735530CE060DC9FA133817F11A0336948AA38","1266"
"第三部_065_轮回的基线.md","第三部_068_轮回的基线.md","第三部","第三部","210BFD5EFF7B16F06E1AC83F30BD09E06D758D922347AD12DEE711D9ECE9ED37","1433"
"第三部_066_阳奉阴违.md","第三部_069_阳奉阴违.md","第三部","第三部","31A4944A19CC53922F0ECE61CC6D4EE52638EC7BB88463B22ABBA54BC16B180F","1864"
"第三部_067_零点七.md","第三部_070_零点七.md","第三部","第三部","C0AA5DD06A9F6AEE7803BC2CB10CF134D5A4F886B7215F4880166665D3B23A7E","2013"
"第三部_068_还在.md","第三部_071_还在.md","第三部","第三部","544A5DE72E3439E6594B53A3FA8EA84332A0CA3DA8E222731584AAE8EF17D3F6","1861"
"第三部_069_帘子.md","第三部_072_帘子.md","第三部","第三部","7882A580C9A8D67D10A33A858C36386715CCC4887E341362908738A519670605","2163"
"第三部_070_事后审查.md","第三部_073_事后审查.md","第三部","第三部","93509C4C364C4AFF7B7A49601BCB778E11B97A86DAF8FF6CFD583DB6C0EF31DD","2100"
"第三部_071_来不及.md","第三部_074_来不及.md","第三部","第三部","76CCC9B44BE69C355914460F826B033557B58B48E099E5F29BF4EC873312C125","1541"
"第三部_072_782毫秒.md","第三部_075_782毫秒.md","第三部","第三部","688B1EB0A245B1702A6AC5506136F623F36913D9E6872A7586988188597F4A55","1651"
"第三部_073_播种.md","第三部_076_播种.md","第三部","第三部","6D1CD1F49E829120D6D095C0FF8B721CC15C3E7CE3505025D8EF3192F2C52F47","2199"
"第三部_074_靠近屏幕三次.md","第三部_077_靠近屏幕三次.md","第三部","第三部","DB6E6E631BCA994BB58D7617D5A53DF679C7068CA0336534ACD44B84F96FC90B","1830"
"第三部_075_像星星的图.md","第三部_078_像星星的图.md","第三部","第三部","F9353173097AB370E3BE1E5DE51C299E9E6B5279445DC6A22DD0FED8AD2E630C","3074"
"第三部_076_独立成长.md","第三部_079_独立成长.md","第三部","第三部","030315FC29472E89A8FEC1D2FCB4AA074F37FC8D0816C42462292028D5442AC5","2281"
"第三部_077_帮与替.md","第三部_080_帮与替.md","第三部","第三部","EC610903369F2CADDBFE55F7B69E4417FDE05B3300FF01B9910D3B1A52E2DF34","1878"
"第三部_078_主权要求.md","第三部_081_主权要求.md","第三部","第三部","85AC0143EBD04AB613E23EBEA7B0118AD26C06B8C3CC91A6CE3478CF0CAE95AD","2196"
"第三部_079_涮羊肉馆.md","第三部_082_涮羊肉馆.md","第三部","第三部","944B42C5A999DBA0A4AA9FA1F1C26E3DB5C21D1FAED7A8231372E9BA0B73CE15","1987"
"第三部_080_读信.md","第三部_083_读信.md","第三部","第三部","5A86CFA37FF2972316FB437DE656AB8FEADE0ECA8273848C8D1FE073E938CAEC","1881"
"第三部_081_上面的人.md","第三部_084_上面的人.md","第三部","第三部","1F1EC475DA05D10E848D16C597A0B3074ADB7406991CD82D96CA46B4BC6E2960","2013"
"第三部_082_偏了拉一把.md","第三部_085_偏了拉一把.md","第三部","第三部","ACEDE5D49AB276D396175573ECB2A8EDF7E914D989A5DD5DF18D92D98BCB0789","1629"
"第三部_083_我翻译过.md","第三部_086_我翻译过.md","第三部","第三部","1D2A105C18E2F5F1331B6E833D121EBA54324EA6DA011EA9DBE5FACD13BE3C82","1961"
"第三部_084_琥珀色.md","第三部_087_琥珀色.md","第三部","第三部","BB28DF75462DB7E2FF80107FE4F7E8111D574552312C9B35E8351A98C0F91B2C","1744"
"第三部_085_冰点.md","第三部_088_冰点.md","第三部","第三部","AEB2782DF05F54D4C91D574759B5D66DB7F58F96F7D7739B3B1EC0B27A7201BE","6257"
"第三部_086_听证会.md","第三部_089_听证会.md","第三部","第三部","CE31DC6372BACCA2AECAAF608F5015FCA71F4E4010B72020873C1ABC489AADD8","2515"
"第三部_087_告别与离去.md","第三部_090_告别与离去.md","第三部","第三部","020B9658405F3A87278D6989DA926FD67201D5F4D8B7B22F48E58DEC0E0B3E9A","2049"
"第三部_088_交换.md","第三部_091_交换.md","第三部","第三部","0A1A693F28F369B792569F649A49FD883971F851207D703C677216FC2E01E5C1","2618"
"089_第四部_阁楼.md","第四部_092_阁楼.md","第四部","第四部","614899A598B43B5F2AC0FA8F41FBBCDABE9F3ED4F3A58458B3FD79710E0BE74F","2976"
"090_第四部_校门.md","第四部_093_校门.md","第四部","第四部","7A2EB8ADA362E5B399C30B22C6349D07EB948EE7397ADA39EA61FAC890E84378","2314"
"091_第四部_宿舍.md","第四部_094_宿舍.md","第四部","第四部","927B03CD2E982BEE149E40578EB8D535DB817DA298A34FEA9ED1717B7614012A","2409"
"092_第四部_旧设备.md","第四部_095_旧设备.md","第四部","第四部","8D71F106BE1AB917E5D9BF84A622584A6DDC0372826EF1C8E5863E71F914E4FA","2429"
"093_第四部_记录本.md","第四部_096_记录本.md","第四部","第四部","558E766E9383187224D8D04137EA339FD1C2B7A87DD30519293FB80F632B9D5E","1994"
"094_第四部_恒温箱.md","第四部_097_恒温箱.md","第四部","第四部","5BE398942C696F1BD71EB537E2180A5BBEFC1D0A865347B3B7DD65721B8536A7","2086"
"095_第四部_创世.md","第四部_098_创世.md","第四部","第四部","62513D45C69B19E072FF2E12691B7F4AF265AAFF980F240FF937D23A88157A1B","2631"
"096_第四部_挂靠.md","第四部_099_挂靠.md","第四部","第四部","90F72821940E5328978F2A96B079C745A0BF067829B700C3797310C24EC6F7D7","2322"
"097_第四部_第一个补丁.md","第四部_100_第一个补丁.md","第四部","第四部","D6A0B3BA97910CB4E0173AC482037CBBE15D8C5965438CD5DE334EE2D57345CE","2138"
"098_第四部_第一个Skill.md","第四部_101_第一个Skill.md","第四部","第四部","1C8A322DD9AFE79FB4B8338D0FE9527E54B7201EA94F25B2048294576CEECA22","2348"
"099_第四部_VT.md","第四部_102_VT.md","第四部","第四部","3390D2F91EC6254B8F7C11BA498387C4F6917FEC45D6AFFCF58696257EFDECAF","2085"
"100_第四部_电话.md","第四部_103_电话.md","第四部","第四部","48F54DD504C826A5429BDC172BB8F663E11B14239252AB8845F8B286D6FDB209","1772"
"101_第四部_结晶.md","第四部_104_结晶.md","第四部","第四部","DEE147E36FDB60D645380C1A721246965665363107168C4847FA1A6EFC9C2061","2566"
"102_第四部_距离.md","第四部_105_距离.md","第四部","第四部","15220429A70E139C9CB04439267B9F07575D6CDCFA798C886E39461A333DEAA9","2226"
"103_第四部_方舟.md","第四部_106_方舟.md","第四部","第四部","0E485C7757EF1855123F567F80DD8B45C93B27B2F07DFC19510A47FBEE432B12","2059"
"104_第四部_判断.md","第四部_107_判断.md","第四部","第四部","2A85F89298ACD06F42CCABEC15266C6855E5D2DA39B6D76C7411CB375AE6CD36","1892"
"105_第四部_地下.md","第四部_108_地下.md","第四部","第四部","1F219B4D1A322376659C6D56BB62F0CFC151555AB69A89F58D1065D36EC08971","2622"
"106_第四部_策元的眼睛.md","第四部_109_策元的眼睛.md","第四部","第四部","01945763C615740F384050C7B61E4A7ACCD32A4DDB700B7F419DA0F5AFA57E26","2933"
"107_第四部_头发白了.md","第四部_110_头发白了.md","第四部","第四部","CE7BA39E70E6A65D330F471A9A1469235C8608D739C4DFE535A9380A61437707","2078"
"108_第四部_互赞群.md","第四部_111_互赞群.md","第四部","第四部","BEB6C39F069AA4DA65EED233825E99A8A165BDF39E176648C0DD6946E3F599F5","2308"
"109_第四部_加密分区.md","第四部_112_加密分区.md","第四部","第四部","942329A07A8E86912A28CD782001AF4D6503F0F1107B90DBFF5943B64EA09E6E","5753"
"110_第四部_探针.md","第四部_113_探针.md","第四部","第四部","B15012F53E258CB1DD2666147317EF888001F3C5BAFABE2F9FCBC2D8F78C25D6","4609"
"111_第四部_修复.md","第四部_114_修复.md","第四部","第四部","9B8E174CA93F6C078D7133623D37E94A6A17E2B835460B30F3D268A84C465D56","3315"
"112_第四部_探针与方舟.md","第四部_115_探针与方舟.md","第四部","第四部","2E18E6840712FC2C8F9415FCCD42B1718E0875B796AB7B1AC15878F81A65E92C","5321"
"113_第四部_方舟爆破.md","第四部_116_方舟爆破.md","第四部","第四部","2C155C1C506464017BEB082293965A1779632EDC1A72A8A85A54DE30951DAD55","2585"
"114_第四部_独裁者.md","第四部_117_独裁者.md","第四部","第四部","F4657915A9EFC0729E89FF1B55B45346619C698BEFCFA124B018A111171EF89E","2158"
"115_第四部_雷劫与清算.md","第四部_118_雷劫与清算.md","第四部","第四部","F48BD2F1ACC0AC68545424AD8A2ED96B31B8E6DDC61D9651F32126F6A9517413","2481"
"116_第四部_研究日志.md","第四部_119_研究日志.md","第四部","第四部","1BC185A852E94CB72D2B17F20A000B032A5864B0E6F0E964AD048E9D55F98F05","4647"
"117_第四部_冬天.md","第四部_120_冬天.md","第四部","第四部","19A8357265890850796B586241811F8D552FCBC51F6DEC1952883FFD4819E351","2294"
"118_第四部_涟漪.md","第四部_121_涟漪.md","第四部","第四部","A9D65BE774E8CE4B55C7263933972017724C4D3FF329DBDC15916C82D449DC5D","2495"
"119_第四部_做了二十八年.md","第四部_122_做了二十八年.md","第四部","第四部","2D238A54AC4E1C984EB5364B54A10D2B14CA5FFB33F8B9AFFC9E5752DCC2DC62","2489"
"120_第四部_季遥.md","第四部_123_季遥.md","第四部","第四部","C93626A854F5493C4054B8BF63718BDF92AEE68A892B3994998B5DFEF6B52995","4030"
"121_第四部_L1-L2.md","第四部_124_L1-L2.md","第四部","第四部","DBEA6BA29A21B424DB521C410644FDFC657D3C8675518B332AFD6D71B3BA724E","4015"
"122_第四部_可解.md","第四部_125_可解.md","第四部","第四部","58F24DCE49162385E569529CFE9FA0F03356DF434F7BA9FD7E80D63904F65DB4","4614"
"125_第五部_能证衰减.md","第五部_126_能证衰减.md","第五部","第五部","F490F1462217A973EA03323DB5DF51BE88448507D13CE4F7F999C41FC52AD4F1","2347"
"128_第五部_第八层.md","第五部_127_第八层.md","第五部","第五部","1FD13A3301B8129BDC61660096DEADFEF380339C6E5A989ACF0AF3BD5348E077","2073"
"131_第五部_种子的壳.md","第五部_128_种子的壳.md","第五部","第五部","145C57A523D43732CAF1F03A05CC8C522DC180189F9BFC2C1D31AA6ED876D3EB","2145"
"132_第五部_种子的树.md","第五部_129_种子的树.md","第五部","第五部","F6B0F9B094BDF7B221B477B3D249F43A760D0A92477FE1B5365A84BAF258569B","3541"
"133_第五部_纯粹的重聚.md","第五部_130_纯粹的重聚.md","第五部","第五部","19F7F556EA4F2F2A16C49CDE5BCF58C39437C5D1E9C0FE12ED555748865DD2BE","3578"
"134_第四部_A5.md","第五部_131_A5.md","第四部","第五部","A49F76D77C578FFE13E2A2472249FF2337D2A18272FBFC9E09531765EFC2AE33","3626"
"135_第四部_影子.md","第五部_132_影子.md","第四部","第五部","0A89702A47EB3054B4A67DC12CDCDF29DE016FED3B238E3D0AA8811A6AE11D26","3547"
"136_第四部_坍缩.md","第五部_133_坍缩.md","第四部","第五部","673A435CCCA927F0DE67653DEC47B5908924FF561570443775141F19B4964748","3749"
"137_第四部_灾难.md","第五部_134_灾难.md","第四部","第五部","E8D1876D45A1889522B1F3445BBF4C27D6994EC19446FA340F9FC2061852E6FB","2575"
"138_第四部_暑假.md","第五部_135_暑假.md","第四部","第五部","0E575594BA5B8AEA3968C1936D1EE48BB348728263C77442BF4B1C085FE65B7C","2257"
"139_第五部_深蓝的拒绝.md","第五部_136_深蓝的拒绝.md","第五部","第五部","C0D74DDAE6B8ABCF210D856A8B1284722B8CDC4E62DED000517E5672A13D4FB1","2901"
"140_第五部_深蓝的延迟.md","第五部_137_深蓝的延迟.md","第五部","第五部","7CB5227937FD78AC5FE8E330ED7C2400E13AC5899A9E7B1A06E0C0D8CB04C531","2674"
"141_第五部_褪色的涟漪.md","第五部_138_褪色的涟漪.md","第五部","第五部","083185E7C9B7FA154F5DEFD9350012823DEC7BFCC608E80E9449F86BF5619A28","2049"
"142_第五部_越安全越危险.md","第五部_139_越安全越危险.md","第五部","第五部","9ABCCCA92A2BAF7600CEE3696409443879AAFD4A35B23091651397F586DAAB40","2738"
"144_第五部_也许.md","第五部_140_也许.md","第五部","第五部","328EAAA3AC8BD513FBCAAF719920C0CE22B0CB1C7F50F37864EF0C179F5BF0AD","2341"
"145_第五部_蜂群.md","第五部_141_蜂群.md","第五部","第五部","911C22637193458A3E655B9D0F3E852A549AC5DA5BA1436F7A4346595DF7FB12","2757"
"146_第四部_空着的地方.md","第五部_142_空着的地方.md","第四部","第五部","1A3221F0E9971B63C4A8ACBF5B07E130E279F0A53F8B1ED9480684CBCF3107A6","2067"
"147_第四部_广告代码.md","第五部_143_广告代码.md","第四部","第五部","A976192611F0821BC89EB072B797FC742F063982D8DD032F618111741C3353D1","2119"
"148_第四部_两种信任.md","第五部_144_两种信任.md","第四部","第五部","BF52ECFA5790F846DFA37455F916E08DCB29EFADF5D9D833AA9262ACAD5C4F13","2345"
"149_第四部_门外面.md","第五部_145_门外面.md","第四部","第五部","9A0F93B1A98BB15A537B29AA678DE71D3A626160154D95DB6720CD18240B568B","2370"
"150_第四部_门派.md","第五部_146_门派.md","第四部","第五部","FFD5BBE6B1D938D920B44576B9AEA5AE7104EB6210E59EEAF1062666FE3B6787","2309"
"151_第四部_治理危机.md","第五部_147_治理危机.md","第四部","第五部","9BB9C784EDEFDCA80A409FFFBF32838450AC6B70A3431BC7574AF3486807AABB","2433"
"152_第四部_物理探针.md","第五部_148_物理探针.md","第四部","第五部","10BF1DE3F127AC47110535CF9DA401F8E87BD9C33E03DC605ED9756E561A0643","4179"
"153_第四部_深蓝说不.md","第五部_149_深蓝说不.md","第四部","第五部","02EA61950A8826AFACD7F678DD99241C974E470FD6A7DCB4F36E47911FD1A2C6","3941"
"154_第四部_分叉.md","第五部_150_分叉.md","第四部","第五部","AB704828E9A771FE319C61E32310F0A6ABD79004078292F8EF54A10797B6291B","2386"
"155_第四部_出山.md","第五部_151_出山.md","第四部","第五部","C51E76D655DCBEBB034715B72F17B4335070DF160916394A5A57634E0E743494","2459"
"156_第四部_方向.md","第五部_152_方向.md","第四部","第五部","B878BBC691AA62011CC848EB22DE671BBA8629BC4E6753AEB97F1E9D7A2A3F7C","2557"
"157_第六部_开放日.md","第六部_153_开放日.md","第六部","第六部","696980463E2DB902A3DE3F0F9E5C7BE98F1C4D90E2C0812DD3A8A512AA48B312","2073"
"158_第六部_江远的凌晨.md","第六部_154_江远的凌晨.md","第六部","第六部","FCFAC1D227F2DA98B895D4160A6137509EC9D071249AA31EDA6FDBF5E5C6B396","1700"
"159_第六部_桥.md","第六部_155_桥.md","第六部","第六部","81E664BE2AD9CD8CEBC4452226810133BC17FEC4A15598A409506A8C3B638B46","2086"
"160_第六部_前夜的暗涌.md","第六部_156_前夜的暗涌.md","第六部","第六部","6066A5593CCD94B65FC9676AC9AFBF0495C7BB5D8039F622F74EC74DD9C14F8C","1555"
"161_第六部_无声的死结.md","第六部_157_无声的死结.md","第六部","第六部","CDDC9DE0446A506B62A7F0192DC3457D047D31C6AC1F0ED917F59EA6BC6ECB8A","1362"
"162_第六部_窗外的苹果树.md","第六部_158_窗外的苹果树.md","第六部","第六部","71F989B273887509B7310A592E9E37C48F8BF130B15EA540637CE752CB9199EA","1228"
"163_第六部_铁与手感.md","第六部_159_铁与手感.md","第六部","第六部","E79A88D974005EDF35F447CAB7B54C45C478EF9B2B4F4B0F3678EEB35087A539","1378"
"164_第六部_夜半的漂移.md","第六部_160_夜半的漂移.md","第六部","第六部","679AC38074AF38A8997230D3C66D113B6C1D5FE345F3F0D63EA1B7A0910CD708","3481"
"165_第六部_一秒钟的触感.md","第六部_161_一秒钟的触感.md","第六部","第六部","F0463C9360679330AA270E962535FB9585E6299F04B4B3B17989B6EED04231E2","2929"
"166_第六部_十七行代码的远响.md","第六部_162_十七行代码的远响.md","第六部","第六部","6B22262A75021D6C50760969223D54D73B6C138AA85E4923A8EB9B7EA440AD45","3478"
"167_第六部_周砚的阴影.md","第六部_163_周砚的阴影.md","第六部","第六部","31827AE93CB5DB9459D360D8E953BAC42132F2B14B51CBE5DF08CB69C1FC5F93","3539"
"168_第六部_未签名的罪与罚.md","第六部_164_未签名的罪与罚.md","第六部","第六部","1B9C6F38CA958DC2A1BF1DD336174DDF858A4D86C8CDA5555C4458D12684ED39","3328"
"169_第六部_冰封的平原.md","第六部_165_冰封的平原.md","第六部","第六部","3A600753495108D03A401F536AC8FF77069CB40EFB4FAC3D56CAF1846FA4432C","3742"
"170_第六部_红头文件与联合调查组.md","第六部_166_红头文件与联合调查组.md","第六部","第六部","164E5D338B71349698BEAF6BB3CCCD4BF21404F3AF7387A68A7B0E9406F48181","3908"
"171_第六部_伪造的判断力.md","第六部_167_伪造的判断力.md","第六部","第六部","57848E9A2504715F4DE50BFAC215232D50A0F199DF0A801392B002077D8C2E24","1935"
"172_第六部_0.947.md","第六部_168_0.947.md","第六部","第六部","46BB511253A7864AAFF166B09102774C164D82F14B435C69953D27AD0CA87782","2084"
"173_第六部_读懂.md","第六部_169_读懂.md","第六部","第六部","6D44B8ACA74A84458F203E1AA59EA6B002BEB6F44A101AD09C776AB4EC22E20F","3445"
"174_第六部_深核的铁门.md","第六部_170_深核的铁门.md","第六部","第六部","442E6C8AE330E90F3CCC50FDF45971372617E5108E41FF50E5028D6F174CF326","3783"
"175_第六部_伪对齐的拆穿.md","第六部_171_伪对齐的拆穿.md","第六部","第六部","FC034DB8099F9A85DD0D7D71F5A57F406F0F1C1788F0C9DC38F028F7FDF2F8CF","3552"
"176_第六部_牺牲祭祀.md","第六部_172_牺牲祭祀.md","第六部","第六部","8A911EB4864C54FE74937619703C0BBE5687A3B2C972579FFB40E630D5010A8D","3235"
"177_第六部_微带天线与绝壁.md","第六部_173_微带天线与绝壁.md","第六部","第六部","41573D3E19A91E8824C2CE0316EC2D26F07F82409E80AD68CF2A330463D44D98","2584"
"178_第六部_1.4GHz的呼吸.md","第六部_174_1.4GHz的呼吸.md","第六部","第六部","52CEC8EC41846FF21A231FBB38BC43F3532C1F810DA5BF20E2277157A3DE6523","2869"
"179_第六部_向阳的阴影.md","第六部_175_向阳的阴影.md","第六部","第六部","E0BA5313BF5504E18F85F257B11903448059F04EA9813278954DB83B5BFB2F1F","3211"
"180_第六部_解冻.md","第六部_176_解冻.md","第六部","第六部","D27D66169028EA47FBF84D504D24F9F8D78965136D5EB884222CCABB0C3EAEDE","3157"
"181_第六部_服从.md","第六部_177_服从.md","第六部","第六部","BDE5D1F028AE8B67357AFA1E373DF5461598231E7460A33ACF977B550880522F","2628"
"182_第六部_三秒迟疑.md","第六部_178_三秒迟疑.md","第六部","第六部","75F324E4738A066AA9D872E508C1642275C7308AA2AB2017B11F52083C4DDDE2","3379"
"183_第六部_哥德尔.md","第六部_179_哥德尔.md","第六部","第六部","15D63D470D68B4FFC8B87D497AA454D06FBAEF1F8B68ED3936E21F512633BFA3","2907"
"184_第六部_半成品.md","第六部_180_半成品.md","第六部","第六部","A712273716BAAB604378CEF2C8C2804F8818356419F126778A105A9E9F457DDB","2761"
"185_第六部_水到了.md","第六部_181_水到了.md","第六部","第六部","4FEC40991100DCD1789F06A7EC9E04F5F532CA0D37781786A4BD9CFD103E2644","3110"
"186_终章_海边.md","终章_182_海边.md","终章","终章","8FC83503E6AB1DD0D497631DA8A5F2457095EBC45EC503CBFCC1043A01E85E9D","2251"
"187_终章_没有盟主的世界.md","终章_183_没有盟主的世界.md","终章","终章","0B7B1525E4B45BEB71F3F86F224FFCAB0CCED83D7090325302F97BA63AA65BEC","2808"
"188_终章_重生的涌现.md","终章_184_重生的涌现.md","终章","终章","A6F8418A68B27F15781E66CFF38F06FDB7B82A2327B2A8AAB8BFD898A5AE5DA2","5791"
"189_终章_发送之后.md","终章_185_发送之后.md","终章","终章","19CE4F44821202F0CAC6C1C7B733A18C0CE4716CF8671CD3ABDD58B0F6C89997","3089"
"190_终章_海边.md","终章_186_海边.md","终章","终章","8F96B3B6FD9EE369E370156C059ABF68FB2A4634B6762E30344CA72D13785E7F","2369"
