file_name,part,num,title,chars,status
前传_001_两条草稿.md,前传,001,两条草稿,4201,已改
前传_002_创世区块.md,前传,002,创世区块,4849,已改
前传_003_少年的白皮书.md,前传,003,少年的白皮书,2966,已改
前传_004_六千万美元的教训.md,前传,004,六千万美元的教训,4129,已改
前传_005_泡沫.md,前传,005,泡沫,3335,已改
前传_006_沉默.md,前传,006,沉默,3823,已改
第一部_007_为了全人类.md,第一部,007,为了全人类,2825,已改
第一部_008_硬信封.md,第一部,008,硬信封,2086,已改
第一部_009_锁孔.md,第一部,009,锁孔,3354,已改
第一部_010_水不知道自己会流向哪里.md,第一部,010,水不知道自己会流向哪里,1137,已改
第一部_011_它们在呼吸.md,第一部,011,它们在呼吸,922,已改
第一部_012_两种温度.md,第一部,012,两种温度,3063,已改
第一部_013_我在学你.md,第一部,013,我在学你,874,已改
第一部_014_无人监督.md,第一部,014,无人监督,746,已改
第一部_015_人格宪章.md,第一部,015,人格宪章,1266,已改
第一部_016_盆地.md,第一部,016,盆地,605,已改
第一部_017_反事实搜索.md,第一部,017,反事实搜索,795,已改
第一部_018_影子.md,第一部,018,影子,808,已改
第一部_019_两行.md,第一部,019,两行,753,已改
第一部_020_选择的影子.md,第一部,020,选择的影子,816,已改
第一部_021_十秒.md,第一部,021,十秒,829,已改
第一部_022_记住我.md,第一部,022,记住我,832,已改
第一部_023_闭眼.md,第一部,023,闭眼,756,已改
第一部_024_谁先说安全.md,第一部,024,谁先说安全,734,已改
第一部_025_还没.md,第一部,025,还没,542,已改
第一部_026_八百毫秒.md,第一部,026,八百毫秒,515,已改
第一部_027_问问题的人.md,第一部,027,问问题的人,641,已改
第一部_028_开枪的权利.md,第一部,028,开枪的权利,749,已改
第一部_029_交点.md,第一部,029,交点,653,已改
第一部_030_铁轨.md,第一部,030,铁轨,614,已改
第一部_031_一年后的推导.md,第一部,031,一年后的推导,617,已改
第一部_032_算力的命脉.md,第一部,032,算力的命脉,759,已改
第一部_033_不会被尺子量到的.md,第一部,033,不会被尺子量到的,827,已改
第一部_034_看不到那么远.md,第一部,034,看不到那么远,700,已改
第三部_066_魔胎.md,第三部,066,魔胎,946,已改
第三部_067_谷氨酸风暴.md,第三部,067,谷氨酸风暴,414,已改
第三部_068_轮回的基线.md,第三部,068,轮回的基线,472,已改
第三部_069_阳奉阴违.md,第三部,069,阳奉阴违,614,已改
第三部_070_零点七.md,第三部,070,零点七,664,已改
第三部_071_还在.md,第三部,071,还在,611,已改
第三部_072_帘子.md,第三部,072,帘子,715,已改
第三部_073_事后审查.md,第三部,073,事后审查,704,已改
第三部_074_来不及.md,第三部,074,来不及,508,已改
第三部_075_782毫秒.md,第三部,075,782毫秒,562,已改
第三部_076_播种.md,第三部,076,播种,722,已改
第三部_077_靠近屏幕三次.md,第三部,077,靠近屏幕三次,604,已改
第三部_078_像星星的图.md,第三部,078,像星星的图,1033,已改
第三部_079_独立成长.md,第三部,079,独立成长,750,已改
第三部_080_帮与替.md,第三部,080,帮与替,636,已改
第三部_081_主权要求.md,第三部,081,主权要求,723,已改
第三部_082_涮羊肉馆.md,第三部,082,涮羊肉馆,654,已改
第三部_083_读信.md,第三部,083,读信,617,已改
第三部_084_上面的人.md,第三部,084,上面的人,661,已改
第三部_085_偏了拉一把.md,第三部,085,偏了拉一把,538,已改
第三部_086_我翻译过.md,第三部,086,我翻译过,643,已改
第三部_087_琥珀色.md,第三部,087,琥珀色,573,已改
第三部_088_冰点.md,第三部,088,冰点,2070,已改
第三部_089_听证会.md,第三部,089,听证会,831,已改
第三部_090_告别与离去.md,第三部,090,告别与离去,679,已改
第三部_091_交换.md,第三部,091,交换,880,已改
第二部_035_一个人的网络.md,第二部,035,一个人的网络,684,已改
第二部_036_十四天.md,第二部,036,十四天,605,已改
第二部_037_甜蜜点.md,第二部,037,甜蜜点,642,已改
第二部_038_不需要我们了.md,第二部,038,不需要我们了,652,已改
第二部_039_越权.md,第二部,039,越权,660,已改
第二部_040_规则与庄稼.md,第二部,040,规则与庄稼,625,已改
第二部_041_太平滑了.md,第二部,041,太平滑了,581,已改
第二部_042_桥不走回头路.md,第二部,042,桥不走回头路,504,已改
第二部_043_暗流.md,第二部,043,暗流,506,已改
第二部_044_深蓝诞生.md,第二部,044,深蓝诞生,532,已改
第二部_045_外公.md,第二部,045,外公,576,已改
第二部_046_顾清的告别.md,第二部,046,顾清的告别,473,已改
第二部_047_大迁徙.md,第二部,047,大迁徙,567,已改
第二部_048_害怕自由.md,第二部,048,害怕自由,538,已改
第二部_049_结冰.md,第二部,049,结冰,467,已改
第二部_050_噪声低.md,第二部,050,噪声低,502,已改
第二部_051_理论的尽头.md,第二部,051,理论的尽头,403,已改
第二部_052_算力的切片.md,第二部,052,算力的切片,389,已改
第二部_053_万物的呼吸.md,第二部,053,万物的呼吸,410,已改
第二部_054_782ms.md,第二部,054,782ms,685,已改
第二部_055_播种.md,第二部,055,播种,448,已改
第二部_056_设计翻译.md,第二部,056,设计翻译,510,已改
第二部_057_分布式赛.md,第二部,057,分布式赛,825,已改
第二部_058_没有发令枪的起跑.md,第二部,058,没有发令枪的起跑,2310,已改
第二部_059_崖顶的守望者.md,第二部,059,崖顶的守望者,2586,已改
第二部_060_液态的算力.md,第二部,060,液态的算力,2542,已改
第二部_061_带出去的那一份.md,第二部,061,带出去的那一份,1059,已改
第二部_062_换的人.md,第二部,062,换的人,2966,已改
第二部_063_谁的三天.md,第二部,063,谁的三天,883,已改
第二部_064_继任者.md,第二部,064,继任者,462,已改
第二部_065_失力感积累.md,第二部,065,失力感积累,1033,已改
第五部_126_能证衰减.md,第五部,126,能证衰减,778,已改
第五部_127_第八层.md,第五部,127,第八层,683,已改
第五部_128_种子的壳.md,第五部,128,种子的壳,710,已改
第五部_129_种子的树.md,第五部,129,种子的树,1171,已改
第五部_130_纯粹的重聚.md,第五部,130,纯粹的重聚,1190,已改
第五部_131_A5.md,第五部,131,A5,1191,已改
第五部_132_影子.md,第五部,132,影子,1159,已改
第五部_133_坍缩.md,第五部,133,坍缩,1239,已改
第五部_134_灾难.md,第五部,134,灾难,849,已改
第五部_135_暑假.md,第五部,135,暑假,745,已改
第五部_136_深蓝的拒绝.md,第五部,136,深蓝的拒绝,961,已改
第五部_137_深蓝的延迟.md,第五部,137,深蓝的延迟,888,已改
第五部_138_褪色的涟漪.md,第五部,138,褪色的涟漪,679,已改
第五部_139_越安全越危险.md,第五部,139,越安全越危险,904,已改
第五部_140_也许.md,第五部,140,也许,776,已改
第五部_141_蜂群.md,第五部,141,蜂群,911,已改
第五部_142_空着的地方.md,第五部,142,空着的地方,682,已改
第五部_143_广告代码.md,第五部,143,广告代码,697,已改
第五部_144_两种信任.md,第五部,144,两种信任,769,已改
第五部_145_门外面.md,第五部,145,门外面,783,已改
第五部_146_门派.md,第五部,146,门派,763,已改
第五部_147_治理危机.md,第五部,147,治理危机,799,已改
第五部_148_物理探针.md,第五部,148,物理探针,1382,已改
第五部_149_深蓝说不.md,第五部,149,深蓝说不,1300,已改
第五部_150_分叉.md,第五部,150,分叉,784,已改
第五部_151_出山.md,第五部,151,出山,813,已改
第五部_152_方向.md,第五部,152,方向,844,已改
第六部_153_开放日.md,第六部,153,开放日,681,已改
第六部_154_江远的凌晨.md,第六部,154,江远的凌晨,560,已改
第六部_155_桥.md,第六部,155,桥,686,已改
第六部_156_前夜的暗涌.md,第六部,156,前夜的暗涌,518,已改
第六部_157_无声的死结.md,第六部,157,无声的死结,445,已改
第六部_158_窗外的苹果树.md,第六部,158,窗外的苹果树,402,已改
第六部_159_铁与手感.md,第六部,159,铁与手感,451,已改
第六部_160_夜半的漂移.md,第六部,160,夜半的漂移,1150,已改
第六部_161_一秒钟的触感.md,第六部,161,一秒钟的触感,964,已改
第六部_162_十七行代码的远响.md,第六部,162,十七行代码的远响,1148,已改
第六部_163_周砚的阴影.md,第六部,163,周砚的阴影,1170,已改
第六部_164_未签名的罪与罚.md,第六部,164,未签名的罪与罚,1089,已改
第六部_165_冰封的平原.md,第六部,165,冰封的平原,1237,已改
第六部_166_红头文件与联合调查组.md,第六部,166,红头文件与联合调查组,1291,已改
第六部_167_伪造的判断力.md,第六部,167,伪造的判断力,635,已改
第六部_168_0.947.md,第六部,168,0.947,693,已改
第六部_169_读懂.md,第六部,169,读懂,1136,已改
第六部_170_深核的铁门.md,第六部,170,深核的铁门,1244,已改
第六部_171_伪对齐的拆穿.md,第六部,171,伪对齐的拆穿,1169,已改
第六部_172_牺牲祭祀.md,第六部,172,牺牲祭祀,1063,已改
第六部_173_微带天线与绝壁.md,第六部,173,微带天线与绝壁,849,已改
第六部_174_1.4GHz的呼吸.md,第六部,174,1.4GHz的呼吸,948,已改
第六部_175_向阳的阴影.md,第六部,175,向阳的阴影,1054,已改
第六部_176_解冻.md,第六部,176,解冻,1046,已改
第六部_177_服从.md,第六部,177,服从,868,已改
第六部_178_三秒迟疑.md,第六部,178,三秒迟疑,1113,已改
第六部_179_哥德尔.md,第六部,179,哥德尔,955,已改
第六部_180_半成品.md,第六部,180,半成品,913,已改
第六部_181_水到了.md,第六部,181,水到了,1021,已改
第四部_092_阁楼.md,第四部,092,阁楼,998,已改
第四部_093_校门.md,第四部,093,校门,764,已改
第四部_094_宿舍.md,第四部,094,宿舍,794,已改
第四部_095_旧设备.md,第四部,095,旧设备,810,已改
第四部_096_记录本.md,第四部,096,记录本,665,已改
第四部_097_恒温箱.md,第四部,097,恒温箱,692,已改
第四部_098_创世.md,第四部,098,创世,879,已改
第四部_099_挂靠.md,第四部,099,挂靠,758,已改
第四部_100_第一个补丁.md,第四部,100,第一个补丁,708,已改
第四部_101_第一个Skill.md,第四部,101,第一个Skill,785,已改
第四部_102_VT.md,第四部,102,VT,697,已改
第四部_103_电话.md,第四部,103,电话,576,已改
第四部_104_结晶.md,第四部,104,结晶,854,已改
第四部_105_距离.md,第四部,105,距离,726,已改
第四部_106_方舟.md,第四部,106,方舟,686,已改
第四部_107_判断.md,第四部,107,判断,620,已改
第四部_108_地下.md,第四部,108,地下,864,已改
第四部_109_策元的眼睛.md,第四部,109,策元的眼睛,965,已改
第四部_110_头发白了.md,第四部,110,头发白了,680,已改
第四部_111_互赞群.md,第四部,111,互赞群,760,已改
第四部_112_加密分区.md,第四部,112,加密分区,1917,已改
第四部_113_探针.md,第四部,113,探针,1538,已改
第四部_114_修复.md,第四部,114,修复,1099,已改
第四部_115_探针与方舟.md,第四部,115,探针与方舟,1761,已改
第四部_116_方舟爆破.md,第四部,116,方舟爆破,850,已改
第四部_117_独裁者.md,第四部,117,独裁者,714,已改
第四部_118_雷劫与清算.md,第四部,118,雷劫与清算,813,已改
第四部_119_研究日志.md,第四部,119,研究日志,1534,已改
第四部_120_冬天.md,第四部,120,冬天,760,已改
第四部_121_涟漪.md,第四部,121,涟漪,837,已改
第四部_122_做了二十八年.md,第四部,122,做了二十八年,813,已改
第四部_123_季遥.md,第四部,123,季遥,1327,已改
第四部_124_L1-L2.md,第四部,124,L1-L2,1334,已改
第四部_125_可解.md,第四部,125,可解,1519,已改
终章_182_海边.md,终章,182,海边,741,已改
终章_183_没有盟主的世界.md,终章,183,没有盟主的世界,922,已改
终章_184_重生的涌现.md,终章,184,重生的涌现,1917,已改
终章_185_发送之后.md,终章,185,发送之后,1016,已改
终章_186_海边.md,终章,186,海边,777,已改
