"CurrentFile","TempFile","NewFile","CurrentPart","NewPart","NewNumber","Title"
"前传_001_两条草稿.md","__manus_tmp_重编_001_508772de.md","前传_001_两条草稿.md","前传","前传","1","两条草稿"
"前传_002_创世区块.md","__manus_tmp_重编_002_acebd498.md","前传_002_创世区块.md","前传","前传","2","创世区块"
"前传_003_少年的白皮书.md","__manus_tmp_重编_003_c2d23d57.md","前传_003_少年的白皮书.md","前传","前传","3","少年的白皮书"
"前传_004_六千万美元的教训.md","__manus_tmp_重编_004_efa1ba8e.md","前传_004_六千万美元的教训.md","前传","前传","4","六千万美元的教训"
"前传_005_泡沫.md","__manus_tmp_重编_005_6bfc04fb.md","前传_005_泡沫.md","前传","前传","5","泡沫"
"前传_006_沉默.md","__manus_tmp_重编_006_336ec3fa.md","前传_006_沉默.md","前传","前传","6","沉默"
"第一部_007_为了全人类.md","__manus_tmp_重编_007_e4feea65.md","第一部_007_为了全人类.md","第一部","第一部","7","为了全人类"
"第一部_008_硬信封.md","__manus_tmp_重编_008_33d6b20b.md","第一部_008_硬信封.md","第一部","第一部","8","硬信封"
"第一部_009_锁孔.md","__manus_tmp_重编_009_6b2da31e.md","第一部_009_锁孔.md","第一部","第一部","9","锁孔"
"第一部_010_水不知道自己会流向哪里.md","__manus_tmp_重编_010_6a028ae1.md","第一部_010_水不知道自己会流向哪里.md","第一部","第一部","10","水不知道自己会流向哪里"
"第一部_011_它们在呼吸.md","__manus_tmp_重编_011_7cdba541.md","第一部_011_它们在呼吸.md","第一部","第一部","11","它们在呼吸"
"第一部_012_两种温度.md","__manus_tmp_重编_012_cdfd814e.md","第一部_012_两种温度.md","第一部","第一部","12","两种温度"
"第一部_013_我在学你.md","__manus_tmp_重编_013_d868f099.md","第一部_013_我在学你.md","第一部","第一部","13","我在学你"
"第一部_014_无人监督.md","__manus_tmp_重编_014_a7e94a0e.md","第一部_014_无人监督.md","第一部","第一部","14","无人监督"
"第一部_015_人格宪章.md","__manus_tmp_重编_015_b42e1308.md","第一部_015_人格宪章.md","第一部","第一部","15","人格宪章"
"第一部_016_盆地.md","__manus_tmp_重编_016_74902591.md","第一部_016_盆地.md","第一部","第一部","16","盆地"
"第一部_017_反事实搜索.md","__manus_tmp_重编_017_edae739d.md","第一部_017_反事实搜索.md","第一部","第一部","17","反事实搜索"
"第一部_018_影子.md","__manus_tmp_重编_018_6436590c.md","第一部_018_影子.md","第一部","第一部","18","影子"
"第一部_019_两行.md","__manus_tmp_重编_019_758fe11e.md","第一部_019_两行.md","第一部","第一部","19","两行"
"第一部_020_选择的影子.md","__manus_tmp_重编_020_13102de1.md","第一部_020_选择的影子.md","第一部","第一部","20","选择的影子"
"第一部_021_十秒.md","__manus_tmp_重编_021_9e23d52c.md","第一部_021_十秒.md","第一部","第一部","21","十秒"
"第一部_022_记住我.md","__manus_tmp_重编_022_88dc2e3f.md","第一部_022_记住我.md","第一部","第一部","22","记住我"
"第一部_023_闭眼.md","__manus_tmp_重编_023_4514dce9.md","第一部_023_闭眼.md","第一部","第一部","23","闭眼"
"第一部_024_谁先说安全.md","__manus_tmp_重编_024_4770fb00.md","第一部_024_谁先说安全.md","第一部","第一部","24","谁先说安全"
"第一部_025_还没.md","__manus_tmp_重编_025_8a2fdb45.md","第一部_025_还没.md","第一部","第一部","25","还没"
"第一部_025-B_八百毫秒.md","__manus_tmp_重编_026_24ccd32a.md","第一部_026_八百毫秒.md","第一部","第一部","26","八百毫秒"
"第一部_025-C_问问题的人.md","__manus_tmp_重编_027_00c5fb41.md","第一部_027_问问题的人.md","第一部","第一部","27","问问题的人"
"第一部_026_开枪的权利.md","__manus_tmp_重编_028_fdf759b4.md","第一部_028_开枪的权利.md","第一部","第一部","28","开枪的权利"
"第一部_027_交点.md","__manus_tmp_重编_029_9352bdd9.md","第一部_029_交点.md","第一部","第一部","29","交点"
"第一部_028_铁轨.md","__manus_tmp_重编_030_c3c35184.md","第一部_030_铁轨.md","第一部","第一部","30","铁轨"
"第一部_028-B_一年后的推导.md","__manus_tmp_重编_031_5d13320a.md","第一部_031_一年后的推导.md","第一部","第一部","31","一年后的推导"
"第一部_029_算力的命脉.md","__manus_tmp_重编_032_3c406028.md","第一部_032_算力的命脉.md","第一部","第一部","32","算力的命脉"
"第一部_030_不会被尺子量到的.md","__manus_tmp_重编_033_d49cf4a1.md","第一部_033_不会被尺子量到的.md","第一部","第一部","33","不会被尺子量到的"
"第一部_031_看不到那么远.md","__manus_tmp_重编_034_93dabccd.md","第一部_034_看不到那么远.md","第一部","第一部","34","看不到那么远"
"第二部_032_一个人的网络.md","__manus_tmp_重编_035_4a16bf09.md","第二部_035_一个人的网络.md","第二部","第二部","35","一个人的网络"
"第二部_033_十四天.md","__manus_tmp_重编_036_dbf05511.md","第二部_036_十四天.md","第二部","第二部","36","十四天"
"第二部_034_甜蜜点.md","__manus_tmp_重编_037_b8131a36.md","第二部_037_甜蜜点.md","第二部","第二部","37","甜蜜点"
"第二部_035_不需要我们了.md","__manus_tmp_重编_038_0c44a2c2.md","第二部_038_不需要我们了.md","第二部","第二部","38","不需要我们了"
"第二部_036_越权.md","__manus_tmp_重编_039_b78f6307.md","第二部_039_越权.md","第二部","第二部","39","越权"
"第二部_037_规则与庄稼.md","__manus_tmp_重编_040_7bc73b04.md","第二部_040_规则与庄稼.md","第二部","第二部","40","规则与庄稼"
"第二部_038_太平滑了.md","__manus_tmp_重编_041_a4ee0070.md","第二部_041_太平滑了.md","第二部","第二部","41","太平滑了"
"第二部_039_桥不走回头路.md","__manus_tmp_重编_042_55051558.md","第二部_042_桥不走回头路.md","第二部","第二部","42","桥不走回头路"
"第二部_040_暗流.md","__manus_tmp_重编_043_539b688d.md","第二部_043_暗流.md","第二部","第二部","43","暗流"
"第二部_041_深蓝诞生.md","__manus_tmp_重编_044_4f7512da.md","第二部_044_深蓝诞生.md","第二部","第二部","44","深蓝诞生"
"第二部_042_外公.md","__manus_tmp_重编_045_4a23b37e.md","第二部_045_外公.md","第二部","第二部","45","外公"
"第二部_043_顾清的告别.md","__manus_tmp_重编_046_5898b1ce.md","第二部_046_顾清的告别.md","第二部","第二部","46","顾清的告别"
"第二部_044_大迁徙.md","__manus_tmp_重编_047_c093de17.md","第二部_047_大迁徙.md","第二部","第二部","47","大迁徙"
"第二部_045_害怕自由.md","__manus_tmp_重编_048_3cca7416.md","第二部_048_害怕自由.md","第二部","第二部","48","害怕自由"
"第二部_046_结冰.md","__manus_tmp_重编_049_27339d84.md","第二部_049_结冰.md","第二部","第二部","49","结冰"
"第二部_047_噪声低.md","__manus_tmp_重编_050_dff78ca9.md","第二部_050_噪声低.md","第二部","第二部","50","噪声低"
"第二部_048_理论的尽头.md","__manus_tmp_重编_051_2cde8ef4.md","第二部_051_理论的尽头.md","第二部","第二部","51","理论的尽头"
"第二部_049_算力的切片.md","__manus_tmp_重编_052_10d2a3b4.md","第二部_052_算力的切片.md","第二部","第二部","52","算力的切片"
"第二部_050_万物的呼吸.md","__manus_tmp_重编_053_0e43a63d.md","第二部_053_万物的呼吸.md","第二部","第二部","53","万物的呼吸"
"第二部_051_782ms.md","__manus_tmp_重编_054_506bdd58.md","第二部_054_782ms.md","第二部","第二部","54","782ms"
"第二部_052_播种.md","__manus_tmp_重编_055_b7c5b0b1.md","第二部_055_播种.md","第二部","第二部","55","播种"
"第二部_053_设计翻译.md","__manus_tmp_重编_056_2dfdc4d0.md","第二部_056_设计翻译.md","第二部","第二部","56","设计翻译"
"第二部_054_分布式赛.md","__manus_tmp_重编_057_ea0c4eff.md","第二部_057_分布式赛.md","第二部","第二部","57","分布式赛"
"第二部_055_没有发令枪的起跑.md","__manus_tmp_重编_058_fe78bb56.md","第二部_058_没有发令枪的起跑.md","第二部","第二部","58","没有发令枪的起跑"
"第二部_056_崖顶的守望者.md","__manus_tmp_重编_059_348e9ae2.md","第二部_059_崖顶的守望者.md","第二部","第二部","59","崖顶的守望者"
"第二部_057_液态的算力.md","__manus_tmp_重编_060_0f6f265b.md","第二部_060_液态的算力.md","第二部","第二部","60","液态的算力"
"第二部_058_带出去的那一份.md","__manus_tmp_重编_061_05adcbb6.md","第二部_061_带出去的那一份.md","第二部","第二部","61","带出去的那一份"
"第二部_059_换的人.md","__manus_tmp_重编_062_d3c72c3d.md","第二部_062_换的人.md","第二部","第二部","62","换的人"
"第二部_060_谁的三天.md","__manus_tmp_重编_063_0bfa1199.md","第二部_063_谁的三天.md","第二部","第二部","63","谁的三天"
"第二部_061_继任者.md","__manus_tmp_重编_064_c0b97d97.md","第二部_064_继任者.md","第二部","第二部","64","继任者"
"第二部_062_失力感积累.md","__manus_tmp_重编_065_211e450b.md","第二部_065_失力感积累.md","第二部","第二部","65","失力感积累"
"第三部_063_魔胎.md","__manus_tmp_重编_066_c22c806b.md","第三部_066_魔胎.md","第三部","第三部","66","魔胎"
"第三部_064_谷氨酸风暴.md","__manus_tmp_重编_067_5a872e19.md","第三部_067_谷氨酸风暴.md","第三部","第三部","67","谷氨酸风暴"
"第三部_065_轮回的基线.md","__manus_tmp_重编_068_fb852a96.md","第三部_068_轮回的基线.md","第三部","第三部","68","轮回的基线"
"第三部_066_阳奉阴违.md","__manus_tmp_重编_069_649c616d.md","第三部_069_阳奉阴违.md","第三部","第三部","69","阳奉阴违"
"第三部_067_零点七.md","__manus_tmp_重编_070_9d6438ae.md","第三部_070_零点七.md","第三部","第三部","70","零点七"
"第三部_068_还在.md","__manus_tmp_重编_071_f25026e7.md","第三部_071_还在.md","第三部","第三部","71","还在"
"第三部_069_帘子.md","__manus_tmp_重编_072_88395ae5.md","第三部_072_帘子.md","第三部","第三部","72","帘子"
"第三部_070_事后审查.md","__manus_tmp_重编_073_536791f5.md","第三部_073_事后审查.md","第三部","第三部","73","事后审查"
"第三部_071_来不及.md","__manus_tmp_重编_074_d32db0e1.md","第三部_074_来不及.md","第三部","第三部","74","来不及"
"第三部_072_782毫秒.md","__manus_tmp_重编_075_3278929a.md","第三部_075_782毫秒.md","第三部","第三部","75","782毫秒"
"第三部_073_播种.md","__manus_tmp_重编_076_04f14bc0.md","第三部_076_播种.md","第三部","第三部","76","播种"
"第三部_074_靠近屏幕三次.md","__manus_tmp_重编_077_48f97f35.md","第三部_077_靠近屏幕三次.md","第三部","第三部","77","靠近屏幕三次"
"第三部_075_像星星的图.md","__manus_tmp_重编_078_b7762e2d.md","第三部_078_像星星的图.md","第三部","第三部","78","像星星的图"
"第三部_076_独立成长.md","__manus_tmp_重编_079_d89dbff5.md","第三部_079_独立成长.md","第三部","第三部","79","独立成长"
"第三部_077_帮与替.md","__manus_tmp_重编_080_f94f7aad.md","第三部_080_帮与替.md","第三部","第三部","80","帮与替"
"第三部_078_主权要求.md","__manus_tmp_重编_081_dadfd73b.md","第三部_081_主权要求.md","第三部","第三部","81","主权要求"
"第三部_079_涮羊肉馆.md","__manus_tmp_重编_082_a6c7bb8c.md","第三部_082_涮羊肉馆.md","第三部","第三部","82","涮羊肉馆"
"第三部_080_读信.md","__manus_tmp_重编_083_eb8d1e6b.md","第三部_083_读信.md","第三部","第三部","83","读信"
"第三部_081_上面的人.md","__manus_tmp_重编_084_e17b615a.md","第三部_084_上面的人.md","第三部","第三部","84","上面的人"
"第三部_082_偏了拉一把.md","__manus_tmp_重编_085_ac56eefa.md","第三部_085_偏了拉一把.md","第三部","第三部","85","偏了拉一把"
"第三部_083_我翻译过.md","__manus_tmp_重编_086_d5e8f7ef.md","第三部_086_我翻译过.md","第三部","第三部","86","我翻译过"
"第三部_084_琥珀色.md","__manus_tmp_重编_087_0e9e1c67.md","第三部_087_琥珀色.md","第三部","第三部","87","琥珀色"
"第三部_085_冰点.md","__manus_tmp_重编_088_a0950ebe.md","第三部_088_冰点.md","第三部","第三部","88","冰点"
"第三部_086_听证会.md","__manus_tmp_重编_089_aa897596.md","第三部_089_听证会.md","第三部","第三部","89","听证会"
"第三部_087_告别与离去.md","__manus_tmp_重编_090_39673db6.md","第三部_090_告别与离去.md","第三部","第三部","90","告别与离去"
"第三部_088_交换.md","__manus_tmp_重编_091_27b77eab.md","第三部_091_交换.md","第三部","第三部","91","交换"
"089_第四部_阁楼.md","__manus_tmp_重编_092_639da337.md","第四部_092_阁楼.md","第四部","第四部","92","阁楼"
"090_第四部_校门.md","__manus_tmp_重编_093_7b574573.md","第四部_093_校门.md","第四部","第四部","93","校门"
"091_第四部_宿舍.md","__manus_tmp_重编_094_f10d4b8a.md","第四部_094_宿舍.md","第四部","第四部","94","宿舍"
"092_第四部_旧设备.md","__manus_tmp_重编_095_b4587949.md","第四部_095_旧设备.md","第四部","第四部","95","旧设备"
"093_第四部_记录本.md","__manus_tmp_重编_096_ab524b2a.md","第四部_096_记录本.md","第四部","第四部","96","记录本"
"094_第四部_恒温箱.md","__manus_tmp_重编_097_08dc7d90.md","第四部_097_恒温箱.md","第四部","第四部","97","恒温箱"
"095_第四部_创世.md","__manus_tmp_重编_098_bd4f5788.md","第四部_098_创世.md","第四部","第四部","98","创世"
"096_第四部_挂靠.md","__manus_tmp_重编_099_dd184921.md","第四部_099_挂靠.md","第四部","第四部","99","挂靠"
"097_第四部_第一个补丁.md","__manus_tmp_重编_100_68991c61.md","第四部_100_第一个补丁.md","第四部","第四部","100","第一个补丁"
"098_第四部_第一个Skill.md","__manus_tmp_重编_101_58a7b4f8.md","第四部_101_第一个Skill.md","第四部","第四部","101","第一个Skill"
"099_第四部_VT.md","__manus_tmp_重编_102_e8ee8ff3.md","第四部_102_VT.md","第四部","第四部","102","VT"
"100_第四部_电话.md","__manus_tmp_重编_103_62ff8d09.md","第四部_103_电话.md","第四部","第四部","103","电话"
"101_第四部_结晶.md","__manus_tmp_重编_104_7b24b082.md","第四部_104_结晶.md","第四部","第四部","104","结晶"
"102_第四部_距离.md","__manus_tmp_重编_105_bb3531d7.md","第四部_105_距离.md","第四部","第四部","105","距离"
"103_第四部_方舟.md","__manus_tmp_重编_106_c2993e1b.md","第四部_106_方舟.md","第四部","第四部","106","方舟"
"104_第四部_判断.md","__manus_tmp_重编_107_1c859d17.md","第四部_107_判断.md","第四部","第四部","107","判断"
"105_第四部_地下.md","__manus_tmp_重编_108_3d0c1ac0.md","第四部_108_地下.md","第四部","第四部","108","地下"
"106_第四部_策元的眼睛.md","__manus_tmp_重编_109_f3ac50c0.md","第四部_109_策元的眼睛.md","第四部","第四部","109","策元的眼睛"
"107_第四部_头发白了.md","__manus_tmp_重编_110_f5d43fe1.md","第四部_110_头发白了.md","第四部","第四部","110","头发白了"
"108_第四部_互赞群.md","__manus_tmp_重编_111_40df0389.md","第四部_111_互赞群.md","第四部","第四部","111","互赞群"
"109_第四部_加密分区.md","__manus_tmp_重编_112_fa38371e.md","第四部_112_加密分区.md","第四部","第四部","112","加密分区"
"110_第四部_探针.md","__manus_tmp_重编_113_d6286467.md","第四部_113_探针.md","第四部","第四部","113","探针"
"111_第四部_修复.md","__manus_tmp_重编_114_c2096fa5.md","第四部_114_修复.md","第四部","第四部","114","修复"
"112_第四部_探针与方舟.md","__manus_tmp_重编_115_bd457245.md","第四部_115_探针与方舟.md","第四部","第四部","115","探针与方舟"
"113_第四部_方舟爆破.md","__manus_tmp_重编_116_9811b4f1.md","第四部_116_方舟爆破.md","第四部","第四部","116","方舟爆破"
"114_第四部_独裁者.md","__manus_tmp_重编_117_918545a5.md","第四部_117_独裁者.md","第四部","第四部","117","独裁者"
"115_第四部_雷劫与清算.md","__manus_tmp_重编_118_30b794bc.md","第四部_118_雷劫与清算.md","第四部","第四部","118","雷劫与清算"
"116_第四部_研究日志.md","__manus_tmp_重编_119_b957d355.md","第四部_119_研究日志.md","第四部","第四部","119","研究日志"
"117_第四部_冬天.md","__manus_tmp_重编_120_0cdfdabf.md","第四部_120_冬天.md","第四部","第四部","120","冬天"
"118_第四部_涟漪.md","__manus_tmp_重编_121_aa00eb45.md","第四部_121_涟漪.md","第四部","第四部","121","涟漪"
"119_第四部_做了二十八年.md","__manus_tmp_重编_122_6f8f64d4.md","第四部_122_做了二十八年.md","第四部","第四部","122","做了二十八年"
"120_第四部_季遥.md","__manus_tmp_重编_123_00f51aad.md","第四部_123_季遥.md","第四部","第四部","123","季遥"
"121_第四部_L1-L2.md","__manus_tmp_重编_124_c0c893ef.md","第四部_124_L1-L2.md","第四部","第四部","124","L1-L2"
"122_第四部_可解.md","__manus_tmp_重编_125_05bfd6f6.md","第四部_125_可解.md","第四部","第四部","125","可解"
"125_第五部_能证衰减.md","__manus_tmp_重编_126_3e212d6c.md","第五部_126_能证衰减.md","第五部","第五部","126","能证衰减"
"128_第五部_第八层.md","__manus_tmp_重编_127_033d0fb4.md","第五部_127_第八层.md","第五部","第五部","127","第八层"
"131_第五部_种子的壳.md","__manus_tmp_重编_128_06962a75.md","第五部_128_种子的壳.md","第五部","第五部","128","种子的壳"
"132_第五部_种子的树.md","__manus_tmp_重编_129_33ffebee.md","第五部_129_种子的树.md","第五部","第五部","129","种子的树"
"133_第五部_纯粹的重聚.md","__manus_tmp_重编_130_1a7447cd.md","第五部_130_纯粹的重聚.md","第五部","第五部","130","纯粹的重聚"
"134_第四部_A5.md","__manus_tmp_重编_131_68ee186b.md","第五部_131_A5.md","第四部","第五部","131","A5"
"135_第四部_影子.md","__manus_tmp_重编_132_6cadd2b9.md","第五部_132_影子.md","第四部","第五部","132","影子"
"136_第四部_坍缩.md","__manus_tmp_重编_133_291e8d84.md","第五部_133_坍缩.md","第四部","第五部","133","坍缩"
"137_第四部_灾难.md","__manus_tmp_重编_134_81dfd980.md","第五部_134_灾难.md","第四部","第五部","134","灾难"
"138_第四部_暑假.md","__manus_tmp_重编_135_670994a1.md","第五部_135_暑假.md","第四部","第五部","135","暑假"
"139_第五部_深蓝的拒绝.md","__manus_tmp_重编_136_0e06da33.md","第五部_136_深蓝的拒绝.md","第五部","第五部","136","深蓝的拒绝"
"140_第五部_深蓝的延迟.md","__manus_tmp_重编_137_cf118556.md","第五部_137_深蓝的延迟.md","第五部","第五部","137","深蓝的延迟"
"141_第五部_褪色的涟漪.md","__manus_tmp_重编_138_2610a93a.md","第五部_138_褪色的涟漪.md","第五部","第五部","138","褪色的涟漪"
"142_第五部_越安全越危险.md","__manus_tmp_重编_139_5dd28cc2.md","第五部_139_越安全越危险.md","第五部","第五部","139","越安全越危险"
"144_第五部_也许.md","__manus_tmp_重编_140_64f427bd.md","第五部_140_也许.md","第五部","第五部","140","也许"
"145_第五部_蜂群.md","__manus_tmp_重编_141_9ce3ff08.md","第五部_141_蜂群.md","第五部","第五部","141","蜂群"
"146_第四部_空着的地方.md","__manus_tmp_重编_142_2ef76756.md","第五部_142_空着的地方.md","第四部","第五部","142","空着的地方"
"147_第四部_广告代码.md","__manus_tmp_重编_143_be5c1f99.md","第五部_143_广告代码.md","第四部","第五部","143","广告代码"
"148_第四部_两种信任.md","__manus_tmp_重编_144_2dce29a8.md","第五部_144_两种信任.md","第四部","第五部","144","两种信任"
"149_第四部_门外面.md","__manus_tmp_重编_145_e141267c.md","第五部_145_门外面.md","第四部","第五部","145","门外面"
"150_第四部_门派.md","__manus_tmp_重编_146_0ab1efaf.md","第五部_146_门派.md","第四部","第五部","146","门派"
"151_第四部_治理危机.md","__manus_tmp_重编_147_c1bc28ee.md","第五部_147_治理危机.md","第四部","第五部","147","治理危机"
"152_第四部_物理探针.md","__manus_tmp_重编_148_abe55cbc.md","第五部_148_物理探针.md","第四部","第五部","148","物理探针"
"153_第四部_深蓝说不.md","__manus_tmp_重编_149_e467d4bf.md","第五部_149_深蓝说不.md","第四部","第五部","149","深蓝说不"
"154_第四部_分叉.md","__manus_tmp_重编_150_37f8c234.md","第五部_150_分叉.md","第四部","第五部","150","分叉"
"155_第四部_出山.md","__manus_tmp_重编_151_92cc1370.md","第五部_151_出山.md","第四部","第五部","151","出山"
"156_第四部_方向.md","__manus_tmp_重编_152_d906db68.md","第五部_152_方向.md","第四部","第五部","152","方向"
"157_第六部_开放日.md","__manus_tmp_重编_153_6dcd72e7.md","第六部_153_开放日.md","第六部","第六部","153","开放日"
"158_第六部_江远的凌晨.md","__manus_tmp_重编_154_9efecfd2.md","第六部_154_江远的凌晨.md","第六部","第六部","154","江远的凌晨"
"159_第六部_桥.md","__manus_tmp_重编_155_3ce73ce9.md","第六部_155_桥.md","第六部","第六部","155","桥"
"160_第六部_前夜的暗涌.md","__manus_tmp_重编_156_7912ae76.md","第六部_156_前夜的暗涌.md","第六部","第六部","156","前夜的暗涌"
"161_第六部_无声的死结.md","__manus_tmp_重编_157_2563d3de.md","第六部_157_无声的死结.md","第六部","第六部","157","无声的死结"
"162_第六部_窗外的苹果树.md","__manus_tmp_重编_158_f9c5206c.md","第六部_158_窗外的苹果树.md","第六部","第六部","158","窗外的苹果树"
"163_第六部_铁与手感.md","__manus_tmp_重编_159_73b97518.md","第六部_159_铁与手感.md","第六部","第六部","159","铁与手感"
"164_第六部_夜半的漂移.md","__manus_tmp_重编_160_dd9efeb2.md","第六部_160_夜半的漂移.md","第六部","第六部","160","夜半的漂移"
"165_第六部_一秒钟的触感.md","__manus_tmp_重编_161_dd45f6e6.md","第六部_161_一秒钟的触感.md","第六部","第六部","161","一秒钟的触感"
"166_第六部_十七行代码的远响.md","__manus_tmp_重编_162_662de564.md","第六部_162_十七行代码的远响.md","第六部","第六部","162","十七行代码的远响"
"167_第六部_周砚的阴影.md","__manus_tmp_重编_163_047d669b.md","第六部_163_周砚的阴影.md","第六部","第六部","163","周砚的阴影"
"168_第六部_未签名的罪与罚.md","__manus_tmp_重编_164_f071ed95.md","第六部_164_未签名的罪与罚.md","第六部","第六部","164","未签名的罪与罚"
"169_第六部_冰封的平原.md","__manus_tmp_重编_165_2a5cb4e2.md","第六部_165_冰封的平原.md","第六部","第六部","165","冰封的平原"
"170_第六部_红头文件与联合调查组.md","__manus_tmp_重编_166_7914e5d3.md","第六部_166_红头文件与联合调查组.md","第六部","第六部","166","红头文件与联合调查组"
"171_第六部_伪造的判断力.md","__manus_tmp_重编_167_c75fb965.md","第六部_167_伪造的判断力.md","第六部","第六部","167","伪造的判断力"
"172_第六部_0.947.md","__manus_tmp_重编_168_8823405c.md","第六部_168_0.947.md","第六部","第六部","168","0.947"
"173_第六部_读懂.md","__manus_tmp_重编_169_675f54aa.md","第六部_169_读懂.md","第六部","第六部","169","读懂"
"174_第六部_深核的铁门.md","__manus_tmp_重编_170_737bd9be.md","第六部_170_深核的铁门.md","第六部","第六部","170","深核的铁门"
"175_第六部_伪对齐的拆穿.md","__manus_tmp_重编_171_ed083dc8.md","第六部_171_伪对齐的拆穿.md","第六部","第六部","171","伪对齐的拆穿"
"176_第六部_牺牲祭祀.md","__manus_tmp_重编_172_aefaa933.md","第六部_172_牺牲祭祀.md","第六部","第六部","172","牺牲祭祀"
"177_第六部_微带天线与绝壁.md","__manus_tmp_重编_173_63f9280e.md","第六部_173_微带天线与绝壁.md","第六部","第六部","173","微带天线与绝壁"
"178_第六部_1.4GHz的呼吸.md","__manus_tmp_重编_174_92240870.md","第六部_174_1.4GHz的呼吸.md","第六部","第六部","174","1.4GHz的呼吸"
"179_第六部_向阳的阴影.md","__manus_tmp_重编_175_4f6e4613.md","第六部_175_向阳的阴影.md","第六部","第六部","175","向阳的阴影"
"180_第六部_解冻.md","__manus_tmp_重编_176_5310310f.md","第六部_176_解冻.md","第六部","第六部","176","解冻"
"181_第六部_服从.md","__manus_tmp_重编_177_8513fbc2.md","第六部_177_服从.md","第六部","第六部","177","服从"
"182_第六部_三秒迟疑.md","__manus_tmp_重编_178_41d899a9.md","第六部_178_三秒迟疑.md","第六部","第六部","178","三秒迟疑"
"183_第六部_哥德尔.md","__manus_tmp_重编_179_c462fe9b.md","第六部_179_哥德尔.md","第六部","第六部","179","哥德尔"
"184_第六部_半成品.md","__manus_tmp_重编_180_f7038552.md","第六部_180_半成品.md","第六部","第六部","180","半成品"
"185_第六部_水到了.md","__manus_tmp_重编_181_1221ecfb.md","第六部_181_水到了.md","第六部","第六部","181","水到了"
"186_终章_海边.md","__manus_tmp_重编_182_e577e4ce.md","终章_182_海边.md","终章","终章","182","海边"
"187_终章_没有盟主的世界.md","__manus_tmp_重编_183_af8a82b1.md","终章_183_没有盟主的世界.md","终章","终章","183","没有盟主的世界"
"188_终章_重生的涌现.md","__manus_tmp_重编_184_6c62abcc.md","终章_184_重生的涌现.md","终章","终章","184","重生的涌现"
"189_终章_发送之后.md","__manus_tmp_重编_185_8055a506.md","终章_185_发送之后.md","终章","终章","185","发送之后"
"190_终章_海边.md","__manus_tmp_重编_186_4837e10a.md","终章_186_海边.md","终章","终章","186","海边"
