001	前传_001_两条草稿.md	11548
002	前传_002_创世区块.md	14021
003	前传_003_少年的白皮书.md	8684
004	前传_004_六千万美元的教训.md	12319
005	前传_005_泡沫.md	9874
006	前传_006_沉默.md	10945
007	第一部_007_为了全人类.md	8654
008	第一部_008_硬信封.md	7093
009	第一部_009_锁孔.md	7918
010	第一部_010_水不知道自己会流向哪里.md	8996
011	第一部_011_它们在呼吸.md	8139
012	第一部_012_两种温度.md	13204
013	第一部_013_我在学你.md	8685
014	第一部_014_无人监督.md	6181
015	第一部_015_人格宪章.md	11922
016	第一部_016_盆地.md	3686
017	第一部_017_反事实搜索.md	8187
018	第一部_018_影子.md	2883
019	第一部_019_两行.md	5840
020	第一部_020_选择的影子.md	5786
021	第一部_021_十秒.md	11109
022	第一部_022_记住我.md	9304
023	第一部_023_闭眼.md	7318
024	第一部_024_谁先说安全.md	2639
025	第一部_025_还没.md	3843
026	第一部_026_开枪的权利.md	11441
027	第一部_027_交点.md	4861
028	第一部_028_铁轨.md	10495
029	第一部_029_算力的命脉.md	11716
030	第一部_030_不会被尺子量到的.md	10314
031	第一部_031_看不到那么远.md	10231
032	第二部_032_一个人的网络.md	19209
033	第二部_033_十四天.md	8293
034	第二部_034_甜蜜点.md	12816
035	第二部_035_不需要我们了.md	8129
036	第二部_036_越权.md	8223
037	第二部_037_规则与庄稼.md	8713
038	第二部_038_太平滑了.md	11715
039	第二部_039_桥不走回头路.md	5669
040	第二部_040_暗流.md	9187
041	第二部_041_深蓝诞生.md	6422
042	第二部_042_外公.md	6049
043	第二部_043_顾清的告别.md	4964
044	第二部_044_大迁徙.md	6912
045	第二部_045_害怕自由.md	6409
046	第二部_046_结冰.md	6302
047	第二部_047_噪声低.md	7421
048	第二部_048_理论的尽头.md	2774
049	第二部_049_算力的切片.md	3134
050	第二部_050_万物的呼吸.md	3078
051	第二部_051_782ms.md	1485
052	第二部_052_播种.md	10386
053	第二部_053_设计翻译.md	5583
054	第二部_054_分布式赛.md	17941
055	第二部_055_没有发令枪的起跑.md	6452
056	第二部_056_崖顶的守望者.md	7522
057	第二部_057_液态的算力.md	6656
058	第二部_058_带出去的那一份.md	14958
059	第二部_059_换的人.md	8680
060	第二部_060_谁的三天.md	10221
061	第二部_061_继任者.md	8929
062	第二部_062_失力感积累.md	2682
063	第三部_063_魔胎.md	14998
064	第三部_064_谷氨酸风暴.md	9730
065	第三部_065_轮回的基线.md	9879
066	第三部_066_阳奉阴违.md	10063
067	第三部_067_零点七.md	3372
068	第三部_068_还在.md	3952
069	第三部_069_帘子.md	4836
070	第三部_070_事后审查.md	8749
071	第三部_071_来不及.md	3144
072	第三部_072_782毫秒.md	3403
073	第三部_073_播种.md	8021
074	第三部_074_靠近屏幕三次.md	10417
075	第三部_075_像星星的图.md	2861
076	第三部_076_独立成长.md	4644
077	第三部_077_帮与替.md	5203
078	第三部_078_主权要求.md	7025
079	第三部_079_涮羊肉馆.md	5795
080	第三部_080_读信.md	8183
081	第三部_081_上面的人.md	8998
082	第三部_082_偏了拉一把.md	5077
083	第三部_083_我翻译过.md	7116
084	第三部_084_琥珀色.md	12087
085	第三部_085_冰点.md	7349
086	第三部_086_听证会.md	7783
087	第三部_087_告别与离去.md	5629
088	第三部_088_交换.md	8464
089	089_第四部_阁楼.md	6011
090	090_第四部_校门.md	3429
091	091_第四部_宿舍.md	4555
092	092_第四部_旧设备.md	4513
093	093_第四部_记录本.md	5552
094	094_第四部_恒温箱.md	4441
095	095_第四部_创世.md	4150
096	096_第四部_挂靠.md	3086
097	097_第四部_第一个补丁.md	4976
098	098_第四部_第一个Skill.md	11441
099	099_第四部_VT.md	6492
100	100_第四部_电话.md	1549
101	101_第四部_结晶.md	9846
102	102_第四部_距离.md	7432
103	103_第四部_方舟.md	3567
104	104_第四部_判断.md	2902
105	105_第四部_地下.md	9292
106	106_第四部_策元的眼睛.md	11664
107	107_第四部_头发白了.md	4745
108	108_第四部_互赞群.md	6571
109	109_第四部_加密分区.md	7871
110	110_第四部_探针.md	6619
111	111_第四部_修复.md	1499
112	112_第四部_探针与方舟.md	11731
113	113_第四部_方舟爆破.md	4154
114	114_第四部_独裁者.md	3177
115	115_第四部_雷劫与清算.md	8781
116	116_第四部_研究日志.md	8418
117	117_第四部_冬天.md	5294
118	118_第四部_涟漪.md	11745
119	119_第四部_做了二十八年.md	5458
120	120_第四部_季遥.md	3398
121	121_第四部_L1-L2.md	4192
122	122_第四部_可解.md	3079
125	125_第五部_能证衰减.md	8909
128	128_第五部_第八层.md	12289
131	131_第五部_种子的壳.md	8136
132	132_第五部_种子的树.md	13740
133	133_第五部_纯粹的重聚.md	6859
134	134_第四部_A5.md	4484
135	135_第四部_影子.md	3962
136	136_第四部_坍缩.md	3438
137	137_第四部_灾难.md	11773
138	138_第四部_暑假.md	5104
139	139_第五部_深蓝的拒绝.md	9232
140	140_第五部_深蓝的延迟.md	5076
141	141_第五部_褪色的涟漪.md	4120
142	142_第五部_越安全越危险.md	14827
144	144_第五部_也许.md	8763
145	145_第五部_蜂群.md	13172
146	146_第四部_空着的地方.md	9176
147	147_第四部_广告代码.md	7466
148	148_第四部_两种信任.md	7658
149	149_第四部_门外面.md	12916
150	150_第四部_门派.md	7144
151	151_第四部_治理危机.md	4889
152	152_第四部_物理探针.md	6466
153	153_第四部_深蓝说不.md	4092
154	154_第四部_分叉.md	6962
155	155_第四部_出山.md	6505
156	156_第四部_方向.md	6251
157	157_第六部_开放日.md	5008
158	158_第六部_江远的凌晨.md	4902
159	159_第六部_桥.md	8220
160	160_第六部_前夜的暗涌.md	5127
161	161_第六部_无声的死结.md	5263
162	162_第六部_窗外的苹果树.md	3688
163	163_第六部_铁与手感.md	5916
164	164_第六部_夜半的漂移.md	4798
165	165_第六部_一秒钟的触感.md	4471
166	166_第六部_十七行代码的远响.md	5050
167	167_第六部_周砚的阴影.md	10134
168	168_第六部_未签名的罪与罚.md	4354
169	169_第六部_冰封的平原.md	4950
170	170_第六部_红头文件与联合调查组.md	4690
171	171_第六部_伪造的判断力.md	6890
172	172_第六部_0.947.md	11532
173	173_第六部_读懂.md	4889
174	174_第六部_深核的铁门.md	5208
175	175_第六部_伪对齐的拆穿.md	6018
176	176_第六部_牺牲祭祀.md	5366
177	177_第六部_微带天线与绝壁.md	5150
178	178_第六部_1.4GHz的呼吸.md	5080
179	179_第六部_向阳的阴影.md	5131
180	180_第六部_解冻.md	9578
181	181_第六部_服从.md	8969
182	182_第六部_三秒迟疑.md	5686
183	183_第六部_哥德尔.md	17116
184	184_第六部_半成品.md	9674
185	185_第六部_水到了.md	13039
186	186_终章_海边.md	5398
187	187_终章_没有盟主的世界.md	9933
188	188_终章_重生的涌现.md	5755
189	189_终章_发送之后.md	8144
190	190_终章_海边.md	2378
9999	章节重编号记录_20260811.md	17333
