"Name","Han"
"前传_001_两条草稿.md","4456"
"前传_002_创世区块.md","4834"
"前传_003_少年的白皮书.md","2899"
"前传_004_六千万美元的教训.md","3946"
"前传_005_泡沫.md","3220"
"前传_006_沉默.md","3421"
"第一部_007_为了全人类.md","2745"
"第一部_008_硬信封.md","2057"
"第一部_009_锁孔.md","2007"
"第一部_010_水不知道自己会流向哪里.md","1659"
"第一部_011_它们在呼吸.md","1356"
"第一部_012_两种温度.md","2829"
"第一部_013_我在学你.md","1391"
"第一部_014_无人监督.md","1215"
"第一部_015_人格宪章.md","1510"
"第一部_016_盆地.md","1108"
"第一部_017_反事实搜索.md","1374"
"第一部_018_影子.md","1256"
"第一部_019_两行.md","1061"
"第一部_020_选择的影子.md","969"
"第一部_021_十秒.md","1272"
"第一部_022_记住我.md","1432"
"第一部_023_闭眼.md","961"
"第一部_024_谁先说安全.md","1188"
"第一部_025_还没.md","1051"
"第一部_026_八百毫秒.md","952"
"第一部_027_问问题的人.md","1087"
"第一部_028_开枪的权利.md","1054"
"第一部_029_交点.md","1072"
"第一部_030_铁轨.md","1012"
"第一部_031_一年后的推导.md","1079"
"第一部_032_算力的命脉.md","1133"
"第一部_033_不会被尺子量到的.md","1136"
"第一部_034_看不到那么远.md","1045"
"第三部_066_魔胎.md","1219"
"第三部_067_谷氨酸风暴.md","1016"
"第三部_068_轮回的基线.md","850"
"第三部_069_阳奉阴违.md","894"
"第三部_070_零点七.md","912"
"第三部_071_还在.md","849"
"第三部_072_帘子.md","981"
"第三部_073_事后审查.md","988"
"第三部_074_来不及.md","835"
"第三部_075_782毫秒.md","954"
"第三部_076_播种.md","1094"
"第三部_077_靠近屏幕三次.md","876"
"第三部_078_像星星的图.md","1162"
"第三部_079_独立成长.md","1029"
"第三部_080_帮与替.md","890"
"第三部_081_主权要求.md","885"
"第三部_082_涮羊肉馆.md","853"
"第三部_083_读信.md","926"
"第三部_084_上面的人.md","934"
"第三部_085_偏了拉一把.md","959"
"第三部_086_我翻译过.md","886"
"第三部_087_琥珀色.md","865"
"第三部_088_冰点.md","1887"
"第三部_089_听证会.md","1061"
"第三部_090_告别与离去.md","1155"
"第三部_091_交换.md","1116"
"第二部_035_一个人的网络.md","1156"
"第二部_036_十四天.md","1023"
"第二部_037_甜蜜点.md","987"
"第二部_038_不需要我们了.md","1048"
"第二部_039_越权.md","1265"
"第二部_040_规则与庄稼.md","1190"
"第二部_041_太平滑了.md","1048"
"第二部_042_桥不走回头路.md","950"
"第二部_043_暗流.md","1057"
"第二部_044_深蓝诞生.md","1000"
"第二部_045_外公.md","1014"
"第二部_046_顾清的告别.md","950"
"第二部_047_大迁徙.md","994"
"第二部_048_害怕自由.md","976"
"第二部_049_结冰.md","1008"
"第二部_050_噪声低.md","995"
"第二部_051_理论的尽头.md","996"
"第二部_052_算力的切片.md","1041"
"第二部_053_万物的呼吸.md","1060"
"第二部_054_782ms.md","1193"
"第二部_055_播种.md","999"
"第二部_056_设计翻译.md","1010"
"第二部_057_分布式赛.md","1011"
"第二部_058_没有发令枪的起跑.md","2213"
"第二部_059_崖顶的守望者.md","2070"
"第二部_060_液态的算力.md","2376"
"第二部_061_带出去的那一份.md","1407"
"第二部_062_换的人.md","2701"
"第二部_063_谁的三天.md","1042"
"第二部_064_继任者.md","1012"
"第二部_065_失力感积累.md","1711"
"第五部_126_能证衰减.md","1241"
"第五部_127_第八层.md","1239"
"第五部_128_种子的壳.md","1064"
"第五部_129_种子的树.md","1327"
"第五部_130_纯粹的重聚.md","1303"
"第五部_131_A5.md","1176"
"第五部_132_影子.md","1087"
"第五部_133_坍缩.md","1219"
"第五部_134_灾难.md","1223"
"第五部_135_暑假.md","1084"
"第五部_136_深蓝的拒绝.md","1960"
"第五部_137_深蓝的延迟.md","1272"
"第五部_138_褪色的涟漪.md","1143"
"第五部_139_越安全越危险.md","1151"
"第五部_140_也许.md","1157"
"第五部_141_蜂群.md","1157"
"第五部_142_空着的地方.md","1020"
"第五部_143_广告代码.md","942"
"第五部_144_两种信任.md","1085"
"第五部_145_门外面.md","1013"
"第五部_146_门派.md","1039"
"第五部_147_治理危机.md","1074"
"第五部_148_物理探针.md","1454"
"第五部_149_深蓝说不.md","1257"
"第五部_150_分叉.md","1051"
"第五部_151_出山.md","1264"
"第五部_152_方向.md","1293"
"第六部_153_开放日.md","1075"
"第六部_154_江远的凌晨.md","1205"
"第六部_155_桥.md","1045"
"第六部_156_前夜的暗涌.md","853"
"第六部_157_无声的死结.md","791"
"第六部_158_窗外的苹果树.md","768"
"第六部_159_铁与手感.md","826"
"第六部_160_夜半的漂移.md","1451"
"第六部_161_一秒钟的触感.md","1218"
"第六部_162_十七行代码的远响.md","1213"
"第六部_163_周砚的阴影.md","1306"
"第六部_164_未签名的罪与罚.md","1308"
"第六部_165_冰封的平原.md","1261"
"第六部_166_红头文件与联合调查组.md","1394"
"第六部_167_伪造的判断力.md","997"
"第六部_168_0.947.md","879"
"第六部_169_读懂.md","1197"
"第六部_170_深核的铁门.md","1238"
"第六部_171_伪对齐的拆穿.md","1282"
"第六部_172_牺牲祭祀.md","1121"
"第六部_173_微带天线与绝壁.md","955"
"第六部_174_1.4GHz的呼吸.md","1074"
"第六部_175_向阳的阴影.md","1136"
"第六部_176_解冻.md","1130"
"第六部_177_服从.md","1073"
"第六部_178_三秒迟疑.md","1159"
"第六部_179_哥德尔.md","1001"
"第六部_180_半成品.md","1081"
"第六部_181_水到了.md","1027"
"第四部_092_阁楼.md","1346"
"第四部_093_校门.md","1325"
"第四部_094_宿舍.md","1378"
"第四部_095_旧设备.md","1478"
"第四部_096_记录本.md","1318"
"第四部_097_恒温箱.md","1819"
"第四部_098_创世.md","1394"
"第四部_099_挂靠.md","1611"
"第四部_100_第一个补丁.md","2004"
"第四部_101_第一个Skill.md","1408"
"第四部_102_VT.md","1474"
"第四部_103_电话.md","1222"
"第四部_104_结晶.md","1373"
"第四部_105_距离.md","1470"
"第四部_106_方舟.md","1525"
"第四部_107_判断.md","1442"
"第四部_108_地下.md","1434"
"第四部_109_策元的眼睛.md","1349"
"第四部_110_头发白了.md","1367"
"第四部_111_互赞群.md","1483"
"第四部_112_加密分区.md","1916"
"第四部_113_探针.md","1589"
"第四部_114_修复.md","1391"
"第四部_115_探针与方舟.md","1726"
"第四部_116_方舟爆破.md","1456"
"第四部_117_独裁者.md","1389"
"第四部_118_雷劫与清算.md","1327"
"第四部_119_研究日志.md","1648"
"第四部_120_冬天.md","1357"
"第四部_121_涟漪.md","1396"
"第四部_122_做了二十八年.md","1254"
"第四部_123_季遥.md","1377"
"第四部_124_L1-L2.md","1288"
"第四部_125_可解.md","1404"
"终章_182_海边.md","1042"
"终章_183_没有盟主的世界.md","1030"
"终章_184_重生的涌现.md","1828"
"终章_185_发送之后.md","1100"
"终章_186_海边.md","1013"
